검색어,상품명,플랫폼,현재순위,현재리뷰수,상품URL,수집시각,수집버킷,상품ID,브랜드,현재가격,할인율,이미지URL
여성 가디건,BASIC WOOL ARCHIVE CARDIGAN PURPLE,무신사,1,0,https://www.musinsa.com/products/7002720,2026-09-07 18:00:00,2026090718,,,,,
여성 가디건,[SET] 베이직 울 니트 가디건 + 쁘띠 니트 머플러,무신사,2,0,https://www.musinsa.com/products/7003053,2026-09-07 18:00:00,2026090718,,,,,
여성 가디건,BASIC WOOL ARCHIVE CARDIGAN BUTTER,무신사,3,0,https://www.musinsa.com/products/7002723,2026-09-07 18:00:00,2026090718,,,,,
여성 가디건,ROUND CARDIGAN BURGUNDY,무신사,4,0,https://www.musinsa.com/products/6986922,2026-09-07 18:00:00,2026090718,,,,,
여성 가디건,에센셜 울 니트 가디건 틸 블루,무신사,5,0,https://www.musinsa.com/products/7048997,2026-09-07 18:00:00,2026090718,,,,,
여성 가디건,Odette Lace Cardigan [Purple],무신사,6,0,https://www.musinsa.com/products/7009236,2026-09-07 18:00:00,2026090718,,,,,
여성 가디건,TRIPLE RIBBON CARDIGAN IVORY,무신사,7,0,https://www.musinsa.com/products/7002751,2026-09-07 18:00:00,2026090718,,,,,
여성 가디건,[민주킴] 하트 클로버 프린트 긴소매 카디건 아이보리,무신사,8,0,https://www.musinsa.com/products/7112414,2026-09-07 18:00:00,2026090718,,,,,
남성 바람막이,스쿼미시 후디 남성 - HABITAT / AJQSM10276,무신사,1,0,https://www.musinsa.com/products/6764810,2026-09-07 18:00:00,2026090718,,,,,
남성 바람막이,NJ3LR01L 1994 마운틴 화이트라벨 자켓 MINT,무신사,2,0,https://www.musinsa.com/products/4812147,2026-09-07 18:00:00,2026090718,,,,,
남성 바람막이,NJ2GR55A 남성 하이크 고어텍스 자켓 BLACK,무신사,3,0,https://www.musinsa.com/products/5394948,2026-09-07 18:00:00,2026090718,,,,,
남성 바람막이,멘즈 후디니 재킷 / 24142R5,무신사,4,0,https://www.musinsa.com/products/5890444,2026-09-07 18:00:00,2026090718,,,,,
남성 바람막이,NJ2GR53A 남성 고어텍스 하이커 자켓 BLACK,무신사,5,0,https://www.musinsa.com/products/5189579,2026-09-07 18:00:00,2026090718,,,,,
남성 바람막이,NJ2HR51C 남성 알토스 자켓 DEEP_VIOLET,무신사,6,0,https://www.musinsa.com/products/5394891,2026-09-07 18:00:00,2026090718,,,,,
남성 바람막이,베타 자켓 남성 - BLACK / AJQSM09816,무신사,7,0,https://www.musinsa.com/products/6182222,2026-09-07 18:00:00,2026090718,,,,,
남성 바람막이,2L 티타닉 바람막이(S26FMTWB30) Black,무신사,8,0,https://www.musinsa.com/products/7043284,2026-09-07 18:00:00,2026090718,,,,,
러닝 벨트,벨리 하이드레이션 힙색,무신사,1,0,https://www.musinsa.com/products/3569049,2026-09-07 18:00:00,2026090718,,,,,
러닝 벨트,러닝 힙색 벨트 - 라이트그레이,무신사,2,0,https://www.musinsa.com/products/6116139,2026-09-07 18:00:00,2026090718,,,,,
러닝 벨트,러닝 슬림 벨트 - Black,무신사,3,0,https://www.musinsa.com/products/2806572,2026-09-07 18:00:00,2026090718,,,,,
러닝 벨트,패스트 앤 프리 디스턴스 러닝 벨트 BLK,무신사,4,0,https://www.musinsa.com/products/6708556,2026-09-07 18:00:00,2026090718,,,,,
러닝 벨트,트레일 러닝벨트,무신사,5,0,https://www.musinsa.com/products/5177612,2026-09-07 18:00:00,2026090718,,,,,
러닝 벨트,웨이스트벨트 러닝벨트 블랙,무신사,6,0,https://www.musinsa.com/products/4492383,2026-09-07 18:00:00,2026090718,,,,,
러닝 벨트,베이식 러닝 벨트 - Black,무신사,7,0,https://www.musinsa.com/products/2806573,2026-09-07 18:00:00,2026090718,,,,,
러닝 벨트,베이식 러닝 벨트 - Mint Grey,무신사,8,0,https://www.musinsa.com/products/6410079,2026-09-07 18:00:00,2026090718,,,,,
와이드 데님,DP213 스탠다드 데님팬츠 (Dark Blue),무신사,1,0,https://www.musinsa.com/products/2710671,2026-09-07 18:00:00,2026090718,,,,,
와이드 데님,BTB : THE BEGINNING JEANS [INDIGO CORE],무신사,2,0,https://www.musinsa.com/products/6927524,2026-09-07 18:00:00,2026090718,,,,,
와이드 데님,커브드 와이드 밴딩 데님 팬츠,무신사,3,0,https://www.musinsa.com/products/7117722,2026-09-07 18:00:00,2026090718,,,,,
와이드 데님,이지 와이드 데님 팬츠 그레이,무신사,4,0,https://www.musinsa.com/products/2092852,2026-09-07 18:00:00,2026090718,,,,,
와이드 데님,빈티지 라이크 린넨 와이드 데님팬츠 4Color,무신사,5,0,https://www.musinsa.com/products/5918987,2026-09-07 18:00:00,2026090718,,,,,
와이드 데님,KEY RING WASHING DENIM PANTS(BLUE),무신사,6,0,https://www.musinsa.com/products/4072132,2026-09-07 18:00:00,2026090718,,,,,
와이드 데님,와이드 세미 플레어 데님 팬츠 [논페이디드 인디고],무신사,7,0,https://www.musinsa.com/products/4738434,2026-09-07 18:00:00,2026090718,,,,,
와이드 데님,와이드 데님 팬츠 (R.INDIGO),무신사,8,0,https://www.musinsa.com/products/2131966,2026-09-07 18:00:00,2026090718,,,,,
카고 팬츠,트레이닝 라벨 카고핀턱 와이드 팬츠_블랙,무신사,1,0,https://www.musinsa.com/products/4766526,2026-09-07 18:00:00,2026090718,,,,,
카고 팬츠,사선 카고 포켓 팬츠_다크그레이,무신사,2,0,https://www.musinsa.com/products/4488094,2026-09-07 18:00:00,2026090718,,,,,
카고 팬츠,코튼 와이드 카고 팬츠_블랙_PL179,무신사,3,0,https://www.musinsa.com/products/3443507,2026-09-07 18:00:00,2026090718,,,,,
카고 팬츠,넥소 스트링 와이드 스웻 팬츠 (2컬러),무신사,4,0,https://www.musinsa.com/products/6432955,2026-09-07 18:00:00,2026090718,,,,,
카고 팬츠,BACK HEART STITCH POCKET SWEAT JOGGER PANTS CREAM YELLOW,무신사,5,0,https://www.musinsa.com/products/4481761,2026-09-07 18:00:00,2026090718,,,,,
카고 팬츠,우먼즈 와이드 카고 팬츠 [블랙],무신사,6,0,https://www.musinsa.com/products/2818150,2026-09-07 18:00:00,2026090718,,,,,
카고 팬츠,VLAD 원턱 커브드 트랙 팬츠_립스탑 3 COLOR,무신사,7,0,https://www.musinsa.com/products/6197079,2026-09-07 18:00:00,2026090718,,,,,
카고 팬츠,나일론 카고 파라슈트 팬츠(3color),무신사,8,0,https://www.musinsa.com/products/6539131,2026-09-07 18:00:00,2026090718,,,,,
여성 가디건,BASIC WOOL ARCHIVE CARDIGAN PURPLE,무신사,1,0,https://www.musinsa.com/products/7002720,2026-09-07 21:00:00,2026090721,,,,,
여성 가디건,[SET] 베이직 울 니트 가디건 + 쁘띠 니트 머플러,무신사,2,0,https://www.musinsa.com/products/7003053,2026-09-07 21:00:00,2026090721,,,,,
여성 가디건,BASIC WOOL ARCHIVE CARDIGAN BUTTER,무신사,3,0,https://www.musinsa.com/products/7002723,2026-09-07 21:00:00,2026090721,,,,,
여성 가디건,ROUND CARDIGAN BURGUNDY,무신사,4,0,https://www.musinsa.com/products/6986922,2026-09-07 21:00:00,2026090721,,,,,
여성 가디건,에센셜 울 니트 가디건 틸 블루,무신사,5,0,https://www.musinsa.com/products/7048997,2026-09-07 21:00:00,2026090721,,,,,
여성 가디건,Odette Lace Cardigan [Purple],무신사,6,0,https://www.musinsa.com/products/7009236,2026-09-07 21:00:00,2026090721,,,,,
여성 가디건,TRIPLE RIBBON CARDIGAN IVORY,무신사,7,0,https://www.musinsa.com/products/7002751,2026-09-07 21:00:00,2026090721,,,,,
여성 가디건,[민주킴] 하트 클로버 프린트 긴소매 카디건 아이보리,무신사,8,0,https://www.musinsa.com/products/7112414,2026-09-07 21:00:00,2026090721,,,,,
남성 바람막이,스쿼미시 후디 남성 - HABITAT / AJQSM10276,무신사,1,0,https://www.musinsa.com/products/6764810,2026-09-07 21:00:00,2026090721,,,,,
남성 바람막이,NJ3LR01L 1994 마운틴 화이트라벨 자켓 MINT,무신사,2,0,https://www.musinsa.com/products/4812147,2026-09-07 21:00:00,2026090721,,,,,
남성 바람막이,NJ2GR55A 남성 하이크 고어텍스 자켓 BLACK,무신사,3,0,https://www.musinsa.com/products/5394948,2026-09-07 21:00:00,2026090721,,,,,
남성 바람막이,멘즈 후디니 재킷 / 24142R5,무신사,4,0,https://www.musinsa.com/products/5890444,2026-09-07 21:00:00,2026090721,,,,,
남성 바람막이,NJ2GR53A 남성 고어텍스 하이커 자켓 BLACK,무신사,5,0,https://www.musinsa.com/products/5189579,2026-09-07 21:00:00,2026090721,,,,,
남성 바람막이,NJ2HR51C 남성 알토스 자켓 DEEP_VIOLET,무신사,6,0,https://www.musinsa.com/products/5394891,2026-09-07 21:00:00,2026090721,,,,,
남성 바람막이,베타 자켓 남성 - BLACK / AJQSM09816,무신사,7,0,https://www.musinsa.com/products/6182222,2026-09-07 21:00:00,2026090721,,,,,
남성 바람막이,2L 티타닉 바람막이(S26FMTWB30) Black,무신사,8,0,https://www.musinsa.com/products/7043284,2026-09-07 21:00:00,2026090721,,,,,
러닝 벨트,벨리 하이드레이션 힙색,무신사,1,0,https://www.musinsa.com/products/3569049,2026-09-07 21:00:00,2026090721,,,,,
러닝 벨트,러닝 힙색 벨트 - 라이트그레이,무신사,2,0,https://www.musinsa.com/products/6116139,2026-09-07 21:00:00,2026090721,,,,,
러닝 벨트,러닝 슬림 벨트 - Black,무신사,3,0,https://www.musinsa.com/products/2806572,2026-09-07 21:00:00,2026090721,,,,,
러닝 벨트,패스트 앤 프리 디스턴스 러닝 벨트 BLK,무신사,4,0,https://www.musinsa.com/products/6708556,2026-09-07 21:00:00,2026090721,,,,,
러닝 벨트,트레일 러닝벨트,무신사,5,0,https://www.musinsa.com/products/5177612,2026-09-07 21:00:00,2026090721,,,,,
러닝 벨트,웨이스트벨트 러닝벨트 블랙,무신사,6,0,https://www.musinsa.com/products/4492383,2026-09-07 21:00:00,2026090721,,,,,
러닝 벨트,베이식 러닝 벨트 - Black,무신사,7,0,https://www.musinsa.com/products/2806573,2026-09-07 21:00:00,2026090721,,,,,
러닝 벨트,베이식 러닝 벨트 - Mint Grey,무신사,8,0,https://www.musinsa.com/products/6410079,2026-09-07 21:00:00,2026090721,,,,,
와이드 데님,DP213 스탠다드 데님팬츠 (Dark Blue),무신사,1,0,https://www.musinsa.com/products/2710671,2026-09-07 21:00:00,2026090721,,,,,
와이드 데님,BTB : THE BEGINNING JEANS [INDIGO CORE],무신사,2,0,https://www.musinsa.com/products/6927524,2026-09-07 21:00:00,2026090721,,,,,
와이드 데님,커브드 와이드 밴딩 데님 팬츠,무신사,3,0,https://www.musinsa.com/products/7117722,2026-09-07 21:00:00,2026090721,,,,,
와이드 데님,이지 와이드 데님 팬츠 그레이,무신사,4,0,https://www.musinsa.com/products/2092852,2026-09-07 21:00:00,2026090721,,,,,
와이드 데님,빈티지 라이크 린넨 와이드 데님팬츠 4Color,무신사,5,0,https://www.musinsa.com/products/5918987,2026-09-07 21:00:00,2026090721,,,,,
와이드 데님,KEY RING WASHING DENIM PANTS(BLUE),무신사,6,0,https://www.musinsa.com/products/4072132,2026-09-07 21:00:00,2026090721,,,,,
와이드 데님,와이드 세미 플레어 데님 팬츠 [논페이디드 인디고],무신사,7,0,https://www.musinsa.com/products/4738434,2026-09-07 21:00:00,2026090721,,,,,
와이드 데님,와이드 데님 팬츠 (R.INDIGO),무신사,8,0,https://www.musinsa.com/products/2131966,2026-09-07 21:00:00,2026090721,,,,,
카고 팬츠,트레이닝 라벨 카고핀턱 와이드 팬츠_블랙,무신사,1,0,https://www.musinsa.com/products/4766526,2026-09-07 21:00:00,2026090721,,,,,
카고 팬츠,사선 카고 포켓 팬츠_다크그레이,무신사,2,0,https://www.musinsa.com/products/4488094,2026-09-07 21:00:00,2026090721,,,,,
카고 팬츠,코튼 와이드 카고 팬츠_블랙_PL179,무신사,3,0,https://www.musinsa.com/products/3443507,2026-09-07 21:00:00,2026090721,,,,,
카고 팬츠,넥소 스트링 와이드 스웻 팬츠 (2컬러),무신사,4,0,https://www.musinsa.com/products/6432955,2026-09-07 21:00:00,2026090721,,,,,
카고 팬츠,BACK HEART STITCH POCKET SWEAT JOGGER PANTS CREAM YELLOW,무신사,5,0,https://www.musinsa.com/products/4481761,2026-09-07 21:00:00,2026090721,,,,,
카고 팬츠,우먼즈 와이드 카고 팬츠 [블랙],무신사,6,0,https://www.musinsa.com/products/2818150,2026-09-07 21:00:00,2026090721,,,,,
카고 팬츠,VLAD 원턱 커브드 트랙 팬츠_립스탑 3 COLOR,무신사,7,0,https://www.musinsa.com/products/6197079,2026-09-07 21:00:00,2026090721,,,,,
카고 팬츠,나일론 카고 파라슈트 팬츠(3color),무신사,8,0,https://www.musinsa.com/products/6539131,2026-09-07 21:00:00,2026090721,,,,,
여성 원피스,블레이크 울 니트 원피스 ( 핑크 ),무신사,1,0,https://www.musinsa.com/products/5617983,2026-09-07 21:00:00,2026090721,,,,,
여성 원피스,블레이크 울 니트 원피스 ( 핑크 ),무신사,2,0,https://www.musinsa.com/products/4132460,2026-09-07 21:00:00,2026090721,,,,,
여성 원피스,블레이크 울 니트 원피스 ( 핑크 ),무신사,3,0,https://www.musinsa.com/products/4655665,2026-09-07 21:00:00,2026090721,,,,,
여성 원피스,블레이크 울 니트 원피스 ( 핑크 ),무신사,4,0,https://www.musinsa.com/products/5134344,2026-09-07 21:00:00,2026090721,,,,,
여성 원피스,블레이크 울 니트 원피스 ( 핑크 ),무신사,5,0,https://www.musinsa.com/products/5313912,2026-09-07 21:00:00,2026090721,,,,,
여성 원피스,블레이크 울 니트 원피스 ( 핑크 ),무신사,6,0,https://www.musinsa.com/products/5245185,2026-09-07 21:00:00,2026090721,,,,,
여성 원피스,블레이크 울 니트 원피스 ( 핑크 ),무신사,7,0,https://www.musinsa.com/products/4167195,2026-09-07 21:00:00,2026090721,,,,,
여성 원피스,블레이크 울 니트 원피스 ( 핑크 ),무신사,8,0,https://www.musinsa.com/products/4891346,2026-09-07 21:00:00,2026090721,,,,,
여성 가디건,BASIC WOOL ARCHIVE CARDIGAN PURPLE,무신사,1,0,https://www.musinsa.com/products/7002720,2026-09-07 22:00:00,2026090722,,,,,
여성 가디건,[SET] 베이직 울 니트 가디건 + 쁘띠 니트 머플러,무신사,2,0,https://www.musinsa.com/products/7003053,2026-09-07 22:00:00,2026090722,,,,,
여성 가디건,BASIC WOOL ARCHIVE CARDIGAN BUTTER,무신사,3,0,https://www.musinsa.com/products/7002723,2026-09-07 22:00:00,2026090722,,,,,
여성 가디건,ROUND CARDIGAN BURGUNDY,무신사,4,0,https://www.musinsa.com/products/6986922,2026-09-07 22:00:00,2026090722,,,,,
여성 가디건,에센셜 울 니트 가디건 틸 블루,무신사,5,0,https://www.musinsa.com/products/7048997,2026-09-07 22:00:00,2026090722,,,,,
여성 가디건,Odette Lace Cardigan [Purple],무신사,6,0,https://www.musinsa.com/products/7009236,2026-09-07 22:00:00,2026090722,,,,,
여성 가디건,TRIPLE RIBBON CARDIGAN IVORY,무신사,7,0,https://www.musinsa.com/products/7002751,2026-09-07 22:00:00,2026090722,,,,,
여성 가디건,[민주킴] 하트 클로버 프린트 긴소매 카디건 아이보리,무신사,8,0,https://www.musinsa.com/products/7112414,2026-09-07 22:00:00,2026090722,,,,,
남성 바람막이,스쿼미시 후디 남성 - HABITAT / AJQSM10276,무신사,1,0,https://www.musinsa.com/products/6764810,2026-09-07 22:00:00,2026090722,,,,,
남성 바람막이,NJ3LR01L 1994 마운틴 화이트라벨 자켓 MINT,무신사,2,0,https://www.musinsa.com/products/4812147,2026-09-07 22:00:00,2026090722,,,,,
남성 바람막이,NJ2GR55A 남성 하이크 고어텍스 자켓 BLACK,무신사,3,0,https://www.musinsa.com/products/5394948,2026-09-07 22:00:00,2026090722,,,,,
남성 바람막이,멘즈 후디니 재킷 / 24142R5,무신사,4,0,https://www.musinsa.com/products/5890444,2026-09-07 22:00:00,2026090722,,,,,
남성 바람막이,NJ2GR53A 남성 고어텍스 하이커 자켓 BLACK,무신사,5,0,https://www.musinsa.com/products/5189579,2026-09-07 22:00:00,2026090722,,,,,
남성 바람막이,NJ2HR51C 남성 알토스 자켓 DEEP_VIOLET,무신사,6,0,https://www.musinsa.com/products/5394891,2026-09-07 22:00:00,2026090722,,,,,
남성 바람막이,베타 자켓 남성 - BLACK / AJQSM09816,무신사,7,0,https://www.musinsa.com/products/6182222,2026-09-07 22:00:00,2026090722,,,,,
남성 바람막이,2L 티타닉 바람막이(S26FMTWB30) Black,무신사,8,0,https://www.musinsa.com/products/7043284,2026-09-07 22:00:00,2026090722,,,,,
러닝 벨트,벨리 하이드레이션 힙색,무신사,1,0,https://www.musinsa.com/products/3569049,2026-09-07 22:00:00,2026090722,,,,,
러닝 벨트,러닝 힙색 벨트 - 라이트그레이,무신사,2,0,https://www.musinsa.com/products/6116139,2026-09-07 22:00:00,2026090722,,,,,
러닝 벨트,러닝 슬림 벨트 - Black,무신사,3,0,https://www.musinsa.com/products/2806572,2026-09-07 22:00:00,2026090722,,,,,
러닝 벨트,패스트 앤 프리 디스턴스 러닝 벨트 BLK,무신사,4,0,https://www.musinsa.com/products/6708556,2026-09-07 22:00:00,2026090722,,,,,
러닝 벨트,트레일 러닝벨트,무신사,5,0,https://www.musinsa.com/products/5177612,2026-09-07 22:00:00,2026090722,,,,,
러닝 벨트,웨이스트벨트 러닝벨트 블랙,무신사,6,0,https://www.musinsa.com/products/4492383,2026-09-07 22:00:00,2026090722,,,,,
러닝 벨트,베이식 러닝 벨트 - Black,무신사,7,0,https://www.musinsa.com/products/2806573,2026-09-07 22:00:00,2026090722,,,,,
러닝 벨트,베이식 러닝 벨트 - Mint Grey,무신사,8,0,https://www.musinsa.com/products/6410079,2026-09-07 22:00:00,2026090722,,,,,
와이드 데님,DP213 스탠다드 데님팬츠 (Dark Blue),무신사,1,0,https://www.musinsa.com/products/2710671,2026-09-07 22:00:00,2026090722,,,,,
와이드 데님,BTB : THE BEGINNING JEANS [INDIGO CORE],무신사,2,0,https://www.musinsa.com/products/6927524,2026-09-07 22:00:00,2026090722,,,,,
와이드 데님,커브드 와이드 밴딩 데님 팬츠,무신사,3,0,https://www.musinsa.com/products/7117722,2026-09-07 22:00:00,2026090722,,,,,
와이드 데님,이지 와이드 데님 팬츠 그레이,무신사,4,0,https://www.musinsa.com/products/2092852,2026-09-07 22:00:00,2026090722,,,,,
와이드 데님,빈티지 라이크 린넨 와이드 데님팬츠 4Color,무신사,5,0,https://www.musinsa.com/products/5918987,2026-09-07 22:00:00,2026090722,,,,,
와이드 데님,KEY RING WASHING DENIM PANTS(BLUE),무신사,6,0,https://www.musinsa.com/products/4072132,2026-09-07 22:00:00,2026090722,,,,,
와이드 데님,와이드 세미 플레어 데님 팬츠 [논페이디드 인디고],무신사,7,0,https://www.musinsa.com/products/4738434,2026-09-07 22:00:00,2026090722,,,,,
와이드 데님,와이드 데님 팬츠 (R.INDIGO),무신사,8,0,https://www.musinsa.com/products/2131966,2026-09-07 22:00:00,2026090722,,,,,
카고 팬츠,트레이닝 라벨 카고핀턱 와이드 팬츠_블랙,무신사,1,0,https://www.musinsa.com/products/4766526,2026-09-07 22:00:00,2026090722,,,,,
카고 팬츠,사선 카고 포켓 팬츠_다크그레이,무신사,2,0,https://www.musinsa.com/products/4488094,2026-09-07 22:00:00,2026090722,,,,,
카고 팬츠,코튼 와이드 카고 팬츠_블랙_PL179,무신사,3,0,https://www.musinsa.com/products/3443507,2026-09-07 22:00:00,2026090722,,,,,
카고 팬츠,넥소 스트링 와이드 스웻 팬츠 (2컬러),무신사,4,0,https://www.musinsa.com/products/6432955,2026-09-07 22:00:00,2026090722,,,,,
카고 팬츠,BACK HEART STITCH POCKET SWEAT JOGGER PANTS CREAM YELLOW,무신사,5,0,https://www.musinsa.com/products/4481761,2026-09-07 22:00:00,2026090722,,,,,
카고 팬츠,우먼즈 와이드 카고 팬츠 [블랙],무신사,6,0,https://www.musinsa.com/products/2818150,2026-09-07 22:00:00,2026090722,,,,,
카고 팬츠,VLAD 원턱 커브드 트랙 팬츠_립스탑 3 COLOR,무신사,7,0,https://www.musinsa.com/products/6197079,2026-09-07 22:00:00,2026090722,,,,,
카고 팬츠,나일론 카고 파라슈트 팬츠(3color),무신사,8,0,https://www.musinsa.com/products/6539131,2026-09-07 22:00:00,2026090722,,,,,
여성 원피스,블레이크 울 니트 원피스 ( 핑크 ),무신사,1,0,https://www.musinsa.com/products/5617983,2026-09-07 22:00:00,2026090722,5617983.0,,11000.0,86.0,https://image.msscdn.net/thumbnails/images/goods_img/20251021/5617983/5617983_17623263393354_big.jpg?w=780
여성 원피스,블레이크 울 니트 원피스 ( 핑크 ),무신사,2,0,https://www.musinsa.com/products/4132460,2026-09-07 22:00:00,2026090722,4132460.0,,11000.0,86.0,https://image.msscdn.net/thumbnails/images/goods_img/20251021/5617983/5617983_17623263393354_big.jpg?w=780
여성 원피스,블레이크 울 니트 원피스 ( 핑크 ),무신사,3,0,https://www.musinsa.com/products/4655665,2026-09-07 22:00:00,2026090722,4655665.0,,11000.0,86.0,https://image.msscdn.net/thumbnails/images/goods_img/20251021/5617983/5617983_17623263393354_big.jpg?w=780
여성 원피스,블레이크 울 니트 원피스 ( 핑크 ),무신사,4,0,https://www.musinsa.com/products/5134344,2026-09-07 22:00:00,2026090722,5134344.0,,11000.0,86.0,https://image.msscdn.net/thumbnails/images/goods_img/20251021/5617983/5617983_17623263393354_big.jpg?w=780
여성 원피스,블레이크 울 니트 원피스 ( 핑크 ),무신사,5,0,https://www.musinsa.com/products/5313912,2026-09-07 22:00:00,2026090722,5313912.0,,11000.0,86.0,https://image.msscdn.net/thumbnails/images/goods_img/20251021/5617983/5617983_17623263393354_big.jpg?w=780
여성 원피스,블레이크 울 니트 원피스 ( 핑크 ),무신사,6,0,https://www.musinsa.com/products/5245185,2026-09-07 22:00:00,2026090722,5245185.0,,11000.0,86.0,https://image.msscdn.net/thumbnails/images/goods_img/20251021/5617983/5617983_17623263393354_big.jpg?w=780
여성 원피스,블레이크 울 니트 원피스 ( 핑크 ),무신사,7,0,https://www.musinsa.com/products/4167195,2026-09-07 22:00:00,2026090722,4167195.0,,11000.0,86.0,https://image.msscdn.net/thumbnails/images/goods_img/20251021/5617983/5617983_17623263393354_big.jpg?w=780
여성 원피스,블레이크 울 니트 원피스 ( 핑크 ),무신사,8,0,https://www.musinsa.com/products/4891346,2026-09-07 22:00:00,2026090722,4891346.0,,11000.0,86.0,https://image.msscdn.net/thumbnails/images/goods_img/20251021/5617983/5617983_17623263393354_big.jpg?w=780
여성 가디건,BASIC WOOL ARCHIVE CARDIGAN PURPLE,무신사,1,0,https://www.musinsa.com/products/7002720,2026-09-07 23:00:00,2026090723,,,,,
여성 가디건,[SET] 베이직 울 니트 가디건 + 쁘띠 니트 머플러,무신사,2,0,https://www.musinsa.com/products/7003053,2026-09-07 23:00:00,2026090723,,,,,
여성 가디건,BASIC WOOL ARCHIVE CARDIGAN BUTTER,무신사,3,0,https://www.musinsa.com/products/7002723,2026-09-07 23:00:00,2026090723,,,,,
여성 가디건,ROUND CARDIGAN BURGUNDY,무신사,4,0,https://www.musinsa.com/products/6986922,2026-09-07 23:00:00,2026090723,,,,,
여성 가디건,에센셜 울 니트 가디건 틸 블루,무신사,5,0,https://www.musinsa.com/products/7048997,2026-09-07 23:00:00,2026090723,,,,,
여성 가디건,Odette Lace Cardigan [Purple],무신사,6,0,https://www.musinsa.com/products/7009236,2026-09-07 23:00:00,2026090723,,,,,
여성 가디건,TRIPLE RIBBON CARDIGAN IVORY,무신사,7,0,https://www.musinsa.com/products/7002751,2026-09-07 23:00:00,2026090723,,,,,
여성 가디건,[민주킴] 하트 클로버 프린트 긴소매 카디건 아이보리,무신사,8,0,https://www.musinsa.com/products/7112414,2026-09-07 23:00:00,2026090723,,,,,
남성 바람막이,스쿼미시 후디 남성 - HABITAT / AJQSM10276,무신사,1,0,https://www.musinsa.com/products/6764810,2026-09-07 23:00:00,2026090723,,,,,
남성 바람막이,NJ3LR01L 1994 마운틴 화이트라벨 자켓 MINT,무신사,2,0,https://www.musinsa.com/products/4812147,2026-09-07 23:00:00,2026090723,,,,,
남성 바람막이,NJ2GR55A 남성 하이크 고어텍스 자켓 BLACK,무신사,3,0,https://www.musinsa.com/products/5394948,2026-09-07 23:00:00,2026090723,,,,,
남성 바람막이,멘즈 후디니 재킷 / 24142R5,무신사,4,0,https://www.musinsa.com/products/5890444,2026-09-07 23:00:00,2026090723,,,,,
남성 바람막이,NJ2GR53A 남성 고어텍스 하이커 자켓 BLACK,무신사,5,0,https://www.musinsa.com/products/5189579,2026-09-07 23:00:00,2026090723,,,,,
남성 바람막이,NJ2HR51C 남성 알토스 자켓 DEEP_VIOLET,무신사,6,0,https://www.musinsa.com/products/5394891,2026-09-07 23:00:00,2026090723,,,,,
남성 바람막이,베타 자켓 남성 - BLACK / AJQSM09816,무신사,7,0,https://www.musinsa.com/products/6182222,2026-09-07 23:00:00,2026090723,,,,,
남성 바람막이,2L 티타닉 바람막이(S26FMTWB30) Black,무신사,8,0,https://www.musinsa.com/products/7043284,2026-09-07 23:00:00,2026090723,,,,,
러닝 벨트,벨리 하이드레이션 힙색,무신사,1,0,https://www.musinsa.com/products/3569049,2026-09-07 23:00:00,2026090723,,,,,
러닝 벨트,러닝 힙색 벨트 - 라이트그레이,무신사,2,0,https://www.musinsa.com/products/6116139,2026-09-07 23:00:00,2026090723,,,,,
러닝 벨트,러닝 슬림 벨트 - Black,무신사,3,0,https://www.musinsa.com/products/2806572,2026-09-07 23:00:00,2026090723,,,,,
러닝 벨트,패스트 앤 프리 디스턴스 러닝 벨트 BLK,무신사,4,0,https://www.musinsa.com/products/6708556,2026-09-07 23:00:00,2026090723,,,,,
러닝 벨트,트레일 러닝벨트,무신사,5,0,https://www.musinsa.com/products/5177612,2026-09-07 23:00:00,2026090723,,,,,
러닝 벨트,웨이스트벨트 러닝벨트 블랙,무신사,6,0,https://www.musinsa.com/products/4492383,2026-09-07 23:00:00,2026090723,,,,,
러닝 벨트,베이식 러닝 벨트 - Black,무신사,7,0,https://www.musinsa.com/products/2806573,2026-09-07 23:00:00,2026090723,,,,,
러닝 벨트,베이식 러닝 벨트 - Mint Grey,무신사,8,0,https://www.musinsa.com/products/6410079,2026-09-07 23:00:00,2026090723,,,,,
와이드 데님,DP213 스탠다드 데님팬츠 (Dark Blue),무신사,1,0,https://www.musinsa.com/products/2710671,2026-09-07 23:00:00,2026090723,,,,,
와이드 데님,BTB : THE BEGINNING JEANS [INDIGO CORE],무신사,2,0,https://www.musinsa.com/products/6927524,2026-09-07 23:00:00,2026090723,,,,,
와이드 데님,커브드 와이드 밴딩 데님 팬츠,무신사,3,0,https://www.musinsa.com/products/7117722,2026-09-07 23:00:00,2026090723,,,,,
와이드 데님,이지 와이드 데님 팬츠 그레이,무신사,4,0,https://www.musinsa.com/products/2092852,2026-09-07 23:00:00,2026090723,,,,,
와이드 데님,빈티지 라이크 린넨 와이드 데님팬츠 4Color,무신사,5,0,https://www.musinsa.com/products/5918987,2026-09-07 23:00:00,2026090723,,,,,
와이드 데님,KEY RING WASHING DENIM PANTS(BLUE),무신사,6,0,https://www.musinsa.com/products/4072132,2026-09-07 23:00:00,2026090723,,,,,
와이드 데님,와이드 세미 플레어 데님 팬츠 [논페이디드 인디고],무신사,7,0,https://www.musinsa.com/products/4738434,2026-09-07 23:00:00,2026090723,,,,,
와이드 데님,와이드 데님 팬츠 (R.INDIGO),무신사,8,0,https://www.musinsa.com/products/2131966,2026-09-07 23:00:00,2026090723,,,,,
카고 팬츠,트레이닝 라벨 카고핀턱 와이드 팬츠_블랙,무신사,1,0,https://www.musinsa.com/products/4766526,2026-09-07 23:00:00,2026090723,,,,,
카고 팬츠,사선 카고 포켓 팬츠_다크그레이,무신사,2,0,https://www.musinsa.com/products/4488094,2026-09-07 23:00:00,2026090723,,,,,
카고 팬츠,코튼 와이드 카고 팬츠_블랙_PL179,무신사,3,0,https://www.musinsa.com/products/3443507,2026-09-07 23:00:00,2026090723,,,,,
카고 팬츠,넥소 스트링 와이드 스웻 팬츠 (2컬러),무신사,4,0,https://www.musinsa.com/products/6432955,2026-09-07 23:00:00,2026090723,,,,,
카고 팬츠,BACK HEART STITCH POCKET SWEAT JOGGER PANTS CREAM YELLOW,무신사,5,0,https://www.musinsa.com/products/4481761,2026-09-07 23:00:00,2026090723,,,,,
카고 팬츠,우먼즈 와이드 카고 팬츠 [블랙],무신사,6,0,https://www.musinsa.com/products/2818150,2026-09-07 23:00:00,2026090723,,,,,
카고 팬츠,VLAD 원턱 커브드 트랙 팬츠_립스탑 3 COLOR,무신사,7,0,https://www.musinsa.com/products/6197079,2026-09-07 23:00:00,2026090723,,,,,
카고 팬츠,나일론 카고 파라슈트 팬츠(3color),무신사,8,0,https://www.musinsa.com/products/6539131,2026-09-07 23:00:00,2026090723,,,,,
여성 원피스,블레이크 울 니트 원피스 ( 핑크 ),무신사,1,0,https://www.musinsa.com/products/5617983,2026-09-07 23:00:00,2026090723,5617983.0,,11000.0,86.0,https://image.msscdn.net/thumbnails/images/goods_img/20251021/5617983/5617983_17623263393354_big.jpg?w=780
여성 원피스,블레이크 울 니트 원피스 ( 핑크 ),무신사,2,0,https://www.musinsa.com/products/4132460,2026-09-07 23:00:00,2026090723,4132460.0,,11000.0,86.0,https://image.msscdn.net/thumbnails/images/goods_img/20251021/5617983/5617983_17623263393354_big.jpg?w=780
여성 원피스,블레이크 울 니트 원피스 ( 핑크 ),무신사,3,0,https://www.musinsa.com/products/4655665,2026-09-07 23:00:00,2026090723,4655665.0,,11000.0,86.0,https://image.msscdn.net/thumbnails/images/goods_img/20251021/5617983/5617983_17623263393354_big.jpg?w=780
여성 원피스,블레이크 울 니트 원피스 ( 핑크 ),무신사,4,0,https://www.musinsa.com/products/5134344,2026-09-07 23:00:00,2026090723,5134344.0,,11000.0,86.0,https://image.msscdn.net/thumbnails/images/goods_img/20251021/5617983/5617983_17623263393354_big.jpg?w=780
여성 원피스,블레이크 울 니트 원피스 ( 핑크 ),무신사,5,0,https://www.musinsa.com/products/5313912,2026-09-07 23:00:00,2026090723,5313912.0,,11000.0,86.0,https://image.msscdn.net/thumbnails/images/goods_img/20251021/5617983/5617983_17623263393354_big.jpg?w=780
여성 원피스,블레이크 울 니트 원피스 ( 핑크 ),무신사,6,0,https://www.musinsa.com/products/5245185,2026-09-07 23:00:00,2026090723,5245185.0,,11000.0,86.0,https://image.msscdn.net/thumbnails/images/goods_img/20251021/5617983/5617983_17623263393354_big.jpg?w=780
여성 원피스,블레이크 울 니트 원피스 ( 핑크 ),무신사,7,0,https://www.musinsa.com/products/4167195,2026-09-07 23:00:00,2026090723,4167195.0,,11000.0,86.0,https://image.msscdn.net/thumbnails/images/goods_img/20251021/5617983/5617983_17623263393354_big.jpg?w=780
여성 원피스,블레이크 울 니트 원피스 ( 핑크 ),무신사,8,0,https://www.musinsa.com/products/4891346,2026-09-07 23:00:00,2026090723,4891346.0,,11000.0,86.0,https://image.msscdn.net/thumbnails/images/goods_img/20251021/5617983/5617983_17623263393354_big.jpg?w=780
여성 가디건,BASIC WOOL ARCHIVE CARDIGAN PURPLE,무신사,1,0,https://www.musinsa.com/products/7002720,2026-09-08 00:00:00,2026090800,,,,,
여성 가디건,[SET] 베이직 울 니트 가디건 + 쁘띠 니트 머플러,무신사,2,0,https://www.musinsa.com/products/7003053,2026-09-08 00:00:00,2026090800,,,,,
여성 가디건,BASIC WOOL ARCHIVE CARDIGAN BUTTER,무신사,3,0,https://www.musinsa.com/products/7002723,2026-09-08 00:00:00,2026090800,,,,,
여성 가디건,ROUND CARDIGAN BURGUNDY,무신사,4,0,https://www.musinsa.com/products/6986922,2026-09-08 00:00:00,2026090800,,,,,
여성 가디건,에센셜 울 니트 가디건 틸 블루,무신사,5,0,https://www.musinsa.com/products/7048997,2026-09-08 00:00:00,2026090800,,,,,
여성 가디건,Odette Lace Cardigan [Purple],무신사,6,0,https://www.musinsa.com/products/7009236,2026-09-08 00:00:00,2026090800,,,,,
여성 가디건,TRIPLE RIBBON CARDIGAN IVORY,무신사,7,0,https://www.musinsa.com/products/7002751,2026-09-08 00:00:00,2026090800,,,,,
여성 가디건,[민주킴] 하트 클로버 프린트 긴소매 카디건 아이보리,무신사,8,0,https://www.musinsa.com/products/7112414,2026-09-08 00:00:00,2026090800,,,,,
남성 바람막이,스쿼미시 후디 남성 - HABITAT / AJQSM10276,무신사,1,0,https://www.musinsa.com/products/6764810,2026-09-08 00:00:00,2026090800,,,,,
남성 바람막이,NJ3LR01L 1994 마운틴 화이트라벨 자켓 MINT,무신사,2,0,https://www.musinsa.com/products/4812147,2026-09-08 00:00:00,2026090800,,,,,
남성 바람막이,NJ2GR55A 남성 하이크 고어텍스 자켓 BLACK,무신사,3,0,https://www.musinsa.com/products/5394948,2026-09-08 00:00:00,2026090800,,,,,
남성 바람막이,멘즈 후디니 재킷 / 24142R5,무신사,4,0,https://www.musinsa.com/products/5890444,2026-09-08 00:00:00,2026090800,,,,,
남성 바람막이,NJ2GR53A 남성 고어텍스 하이커 자켓 BLACK,무신사,5,0,https://www.musinsa.com/products/5189579,2026-09-08 00:00:00,2026090800,,,,,
남성 바람막이,NJ2HR51C 남성 알토스 자켓 DEEP_VIOLET,무신사,6,0,https://www.musinsa.com/products/5394891,2026-09-08 00:00:00,2026090800,,,,,
남성 바람막이,베타 자켓 남성 - BLACK / AJQSM09816,무신사,7,0,https://www.musinsa.com/products/6182222,2026-09-08 00:00:00,2026090800,,,,,
남성 바람막이,2L 티타닉 바람막이(S26FMTWB30) Black,무신사,8,0,https://www.musinsa.com/products/7043284,2026-09-08 00:00:00,2026090800,,,,,
러닝 벨트,벨리 하이드레이션 힙색,무신사,1,0,https://www.musinsa.com/products/3569049,2026-09-08 00:00:00,2026090800,,,,,
러닝 벨트,러닝 힙색 벨트 - 라이트그레이,무신사,2,0,https://www.musinsa.com/products/6116139,2026-09-08 00:00:00,2026090800,,,,,
러닝 벨트,러닝 슬림 벨트 - Black,무신사,3,0,https://www.musinsa.com/products/2806572,2026-09-08 00:00:00,2026090800,,,,,
러닝 벨트,패스트 앤 프리 디스턴스 러닝 벨트 BLK,무신사,4,0,https://www.musinsa.com/products/6708556,2026-09-08 00:00:00,2026090800,,,,,
러닝 벨트,트레일 러닝벨트,무신사,5,0,https://www.musinsa.com/products/5177612,2026-09-08 00:00:00,2026090800,,,,,
러닝 벨트,웨이스트벨트 러닝벨트 블랙,무신사,6,0,https://www.musinsa.com/products/4492383,2026-09-08 00:00:00,2026090800,,,,,
러닝 벨트,베이식 러닝 벨트 - Black,무신사,7,0,https://www.musinsa.com/products/2806573,2026-09-08 00:00:00,2026090800,,,,,
러닝 벨트,베이식 러닝 벨트 - Mint Grey,무신사,8,0,https://www.musinsa.com/products/6410079,2026-09-08 00:00:00,2026090800,,,,,
카고 팬츠,트레이닝 라벨 카고핀턱 와이드 팬츠_블랙,무신사,1,0,https://www.musinsa.com/products/4766526,2026-09-08 00:00:00,2026090800,,,,,
카고 팬츠,사선 카고 포켓 팬츠_다크그레이,무신사,2,0,https://www.musinsa.com/products/4488094,2026-09-08 00:00:00,2026090800,,,,,
카고 팬츠,코튼 와이드 카고 팬츠_블랙_PL179,무신사,3,0,https://www.musinsa.com/products/3443507,2026-09-08 00:00:00,2026090800,,,,,
카고 팬츠,넥소 스트링 와이드 스웻 팬츠 (2컬러),무신사,4,0,https://www.musinsa.com/products/6432955,2026-09-08 00:00:00,2026090800,,,,,
카고 팬츠,BACK HEART STITCH POCKET SWEAT JOGGER PANTS CREAM YELLOW,무신사,5,0,https://www.musinsa.com/products/4481761,2026-09-08 00:00:00,2026090800,,,,,
카고 팬츠,우먼즈 와이드 카고 팬츠 [블랙],무신사,6,0,https://www.musinsa.com/products/2818150,2026-09-08 00:00:00,2026090800,,,,,
카고 팬츠,VLAD 원턱 커브드 트랙 팬츠_립스탑 3 COLOR,무신사,7,0,https://www.musinsa.com/products/6197079,2026-09-08 00:00:00,2026090800,,,,,
카고 팬츠,나일론 카고 파라슈트 팬츠(3color),무신사,8,0,https://www.musinsa.com/products/6539131,2026-09-08 00:00:00,2026090800,,,,,
와이드 데님,DP213 스탠다드 데님팬츠 (Dark Blue),무신사,1,0,https://www.musinsa.com/products/2710671,2026-09-08 00:00:00,2026090800,,,,,
와이드 데님,BTB : THE BEGINNING JEANS [INDIGO CORE],무신사,2,0,https://www.musinsa.com/products/6927524,2026-09-08 00:00:00,2026090800,,,,,
와이드 데님,커브드 와이드 밴딩 데님 팬츠,무신사,3,0,https://www.musinsa.com/products/7117722,2026-09-08 00:00:00,2026090800,,,,,
와이드 데님,이지 와이드 데님 팬츠 그레이,무신사,4,0,https://www.musinsa.com/products/2092852,2026-09-08 00:00:00,2026090800,,,,,
와이드 데님,빈티지 라이크 린넨 와이드 데님팬츠 4Color,무신사,5,0,https://www.musinsa.com/products/5918987,2026-09-08 00:00:00,2026090800,,,,,
와이드 데님,KEY RING WASHING DENIM PANTS(BLUE),무신사,6,0,https://www.musinsa.com/products/4072132,2026-09-08 00:00:00,2026090800,,,,,
와이드 데님,와이드 세미 플레어 데님 팬츠 [논페이디드 인디고],무신사,7,0,https://www.musinsa.com/products/4738434,2026-09-08 00:00:00,2026090800,,,,,
와이드 데님,와이드 데님 팬츠 (R.INDIGO),무신사,8,0,https://www.musinsa.com/products/2131966,2026-09-08 00:00:00,2026090800,,,,,
여성 원피스,블레이크 울 니트 원피스 ( 핑크 ),무신사,1,0,https://www.musinsa.com/products/5617983,2026-09-08 00:00:00,2026090800,5617983.0,,11000.0,86.0,https://image.msscdn.net/thumbnails/images/goods_img/20251021/5617983/5617983_17623263393354_big.jpg?w=780
여성 원피스,블레이크 울 니트 원피스 ( 핑크 ),무신사,2,0,https://www.musinsa.com/products/4132460,2026-09-08 00:00:00,2026090800,4132460.0,,11000.0,86.0,https://image.msscdn.net/thumbnails/images/goods_img/20251021/5617983/5617983_17623263393354_big.jpg?w=780
여성 원피스,블레이크 울 니트 원피스 ( 핑크 ),무신사,3,0,https://www.musinsa.com/products/4655665,2026-09-08 00:00:00,2026090800,4655665.0,,11000.0,86.0,https://image.msscdn.net/thumbnails/images/goods_img/20251021/5617983/5617983_17623263393354_big.jpg?w=780
여성 원피스,블레이크 울 니트 원피스 ( 핑크 ),무신사,4,0,https://www.musinsa.com/products/5134344,2026-09-08 00:00:00,2026090800,5134344.0,,11000.0,86.0,https://image.msscdn.net/thumbnails/images/goods_img/20251021/5617983/5617983_17623263393354_big.jpg?w=780
여성 원피스,블레이크 울 니트 원피스 ( 핑크 ),무신사,5,0,https://www.musinsa.com/products/5313912,2026-09-08 00:00:00,2026090800,5313912.0,,11000.0,86.0,https://image.msscdn.net/thumbnails/images/goods_img/20251021/5617983/5617983_17623263393354_big.jpg?w=780
여성 원피스,블레이크 울 니트 원피스 ( 핑크 ),무신사,6,0,https://www.musinsa.com/products/5245185,2026-09-08 00:00:00,2026090800,5245185.0,,11000.0,86.0,https://image.msscdn.net/thumbnails/images/goods_img/20251021/5617983/5617983_17623263393354_big.jpg?w=780
여성 원피스,블레이크 울 니트 원피스 ( 핑크 ),무신사,7,0,https://www.musinsa.com/products/4167195,2026-09-08 00:00:00,2026090800,4167195.0,,11000.0,86.0,https://image.msscdn.net/thumbnails/images/goods_img/20251021/5617983/5617983_17623263393354_big.jpg?w=780
여성 원피스,블레이크 울 니트 원피스 ( 핑크 ),무신사,8,0,https://www.musinsa.com/products/4891346,2026-09-08 00:00:00,2026090800,4891346.0,,11000.0,86.0,https://image.msscdn.net/thumbnails/images/goods_img/20251021/5617983/5617983_17623263393354_big.jpg?w=780
여성 가디건,BASIC WOOL ARCHIVE CARDIGAN PURPLE,무신사,1,0,https://www.musinsa.com/products/7002720,2026-09-08 01:00:00,2026090801,7002720.0,,9900.0,80.0,https://image.msscdn.net/thumbnails/images/goods_img/20260805/7002720/7002720_17872202964448_big.jpg?w=780
여성 가디건,BASIC WOOL ARCHIVE CARDIGAN PURPLE,무신사,2,0,https://www.musinsa.com/products/7003053,2026-09-08 01:00:00,2026090801,7003053.0,,9900.0,80.0,https://image.msscdn.net/thumbnails/images/goods_img/20260805/7002720/7002720_17872202964448_big.jpg?w=780
여성 가디건,BASIC WOOL ARCHIVE CARDIGAN PURPLE,무신사,3,0,https://www.musinsa.com/products/7002723,2026-09-08 01:00:00,2026090801,7002723.0,,9900.0,80.0,https://image.msscdn.net/thumbnails/images/goods_img/20260805/7002720/7002720_17872202964448_big.jpg?w=780
여성 가디건,BASIC WOOL ARCHIVE CARDIGAN PURPLE,무신사,4,0,https://www.musinsa.com/products/6986922,2026-09-08 01:00:00,2026090801,6986922.0,,9900.0,80.0,https://image.msscdn.net/thumbnails/images/goods_img/20260805/7002720/7002720_17872202964448_big.jpg?w=780
여성 가디건,BASIC WOOL ARCHIVE CARDIGAN PURPLE,무신사,5,0,https://www.musinsa.com/products/7048997,2026-09-08 01:00:00,2026090801,7048997.0,,9900.0,80.0,https://image.msscdn.net/thumbnails/images/goods_img/20260805/7002720/7002720_17872202964448_big.jpg?w=780
여성 가디건,BASIC WOOL ARCHIVE CARDIGAN PURPLE,무신사,6,0,https://www.musinsa.com/products/7009236,2026-09-08 01:00:00,2026090801,7009236.0,,9900.0,80.0,https://image.msscdn.net/thumbnails/images/goods_img/20260805/7002720/7002720_17872202964448_big.jpg?w=780
여성 가디건,BASIC WOOL ARCHIVE CARDIGAN PURPLE,무신사,7,0,https://www.musinsa.com/products/7002751,2026-09-08 01:00:00,2026090801,7002751.0,,9900.0,80.0,https://image.msscdn.net/thumbnails/images/goods_img/20260805/7002720/7002720_17872202964448_big.jpg?w=780
여성 가디건,BASIC WOOL ARCHIVE CARDIGAN PURPLE,무신사,8,0,https://www.musinsa.com/products/7112414,2026-09-08 01:00:00,2026090801,7112414.0,,9900.0,80.0,https://image.msscdn.net/thumbnails/images/goods_img/20260805/7002720/7002720_17872202964448_big.jpg?w=780
남성 바람막이,스쿼미시 후디 남성 - HABITAT / AJQSM10276,무신사,1,0,https://www.musinsa.com/products/6764810,2026-09-08 01:00:00,2026090801,6764810.0,,63320.0,61.0,https://image.msscdn.net/thumbnails/images/goods_img/20260701/6764810/6764810_17853729257267_big.jpg?w=780
남성 바람막이,스쿼미시 후디 남성 - HABITAT / AJQSM10276,무신사,2,0,https://www.musinsa.com/products/4812147,2026-09-08 01:00:00,2026090801,4812147.0,,63320.0,61.0,https://image.msscdn.net/thumbnails/images/goods_img/20260701/6764810/6764810_17853729257267_big.jpg?w=780
남성 바람막이,스쿼미시 후디 남성 - HABITAT / AJQSM10276,무신사,3,0,https://www.musinsa.com/products/5394948,2026-09-08 01:00:00,2026090801,5394948.0,,63320.0,61.0,https://image.msscdn.net/thumbnails/images/goods_img/20260701/6764810/6764810_17853729257267_big.jpg?w=780
남성 바람막이,스쿼미시 후디 남성 - HABITAT / AJQSM10276,무신사,4,0,https://www.musinsa.com/products/5890444,2026-09-08 01:00:00,2026090801,5890444.0,,63320.0,61.0,https://image.msscdn.net/thumbnails/images/goods_img/20260701/6764810/6764810_17853729257267_big.jpg?w=780
남성 바람막이,스쿼미시 후디 남성 - HABITAT / AJQSM10276,무신사,5,0,https://www.musinsa.com/products/5189579,2026-09-08 01:00:00,2026090801,5189579.0,,63320.0,61.0,https://image.msscdn.net/thumbnails/images/goods_img/20260701/6764810/6764810_17853729257267_big.jpg?w=780
남성 바람막이,스쿼미시 후디 남성 - HABITAT / AJQSM10276,무신사,6,0,https://www.musinsa.com/products/5394891,2026-09-08 01:00:00,2026090801,5394891.0,,63320.0,61.0,https://image.msscdn.net/thumbnails/images/goods_img/20260701/6764810/6764810_17853729257267_big.jpg?w=780
남성 바람막이,스쿼미시 후디 남성 - HABITAT / AJQSM10276,무신사,7,0,https://www.musinsa.com/products/6182222,2026-09-08 01:00:00,2026090801,6182222.0,,63320.0,61.0,https://image.msscdn.net/thumbnails/images/goods_img/20260701/6764810/6764810_17853729257267_big.jpg?w=780
남성 바람막이,스쿼미시 후디 남성 - HABITAT / AJQSM10276,무신사,8,0,https://www.musinsa.com/products/7043284,2026-09-08 01:00:00,2026090801,7043284.0,,63320.0,61.0,https://image.msscdn.net/thumbnails/images/goods_img/20260701/6764810/6764810_17853729257267_big.jpg?w=780
여성 원피스,블레이크 울 니트 원피스 ( 핑크 ),무신사,1,0,https://www.musinsa.com/products/5617983,2026-09-08 01:00:00,2026090801,5617983.0,,11000.0,86.0,https://image.msscdn.net/thumbnails/images/goods_img/20251021/5617983/5617983_17623263393354_big.jpg?w=780
여성 원피스,블레이크 울 니트 원피스 ( 핑크 ),무신사,2,0,https://www.musinsa.com/products/4132460,2026-09-08 01:00:00,2026090801,4132460.0,,11000.0,86.0,https://image.msscdn.net/thumbnails/images/goods_img/20251021/5617983/5617983_17623263393354_big.jpg?w=780
여성 원피스,블레이크 울 니트 원피스 ( 핑크 ),무신사,3,0,https://www.musinsa.com/products/4655665,2026-09-08 01:00:00,2026090801,4655665.0,,11000.0,86.0,https://image.msscdn.net/thumbnails/images/goods_img/20251021/5617983/5617983_17623263393354_big.jpg?w=780
여성 원피스,블레이크 울 니트 원피스 ( 핑크 ),무신사,4,0,https://www.musinsa.com/products/5134344,2026-09-08 01:00:00,2026090801,5134344.0,,11000.0,86.0,https://image.msscdn.net/thumbnails/images/goods_img/20251021/5617983/5617983_17623263393354_big.jpg?w=780
여성 원피스,블레이크 울 니트 원피스 ( 핑크 ),무신사,5,0,https://www.musinsa.com/products/5313912,2026-09-08 01:00:00,2026090801,5313912.0,,11000.0,86.0,https://image.msscdn.net/thumbnails/images/goods_img/20251021/5617983/5617983_17623263393354_big.jpg?w=780
여성 원피스,블레이크 울 니트 원피스 ( 핑크 ),무신사,6,0,https://www.musinsa.com/products/5245185,2026-09-08 01:00:00,2026090801,5245185.0,,11000.0,86.0,https://image.msscdn.net/thumbnails/images/goods_img/20251021/5617983/5617983_17623263393354_big.jpg?w=780
여성 원피스,블레이크 울 니트 원피스 ( 핑크 ),무신사,7,0,https://www.musinsa.com/products/4167195,2026-09-08 01:00:00,2026090801,4167195.0,,11000.0,86.0,https://image.msscdn.net/thumbnails/images/goods_img/20251021/5617983/5617983_17623263393354_big.jpg?w=780
여성 원피스,블레이크 울 니트 원피스 ( 핑크 ),무신사,8,0,https://www.musinsa.com/products/4891346,2026-09-08 01:00:00,2026090801,4891346.0,,11000.0,86.0,https://image.msscdn.net/thumbnails/images/goods_img/20251021/5617983/5617983_17623263393354_big.jpg?w=780
러닝 벨트,벨리 하이드레이션 힙색,무신사,1,0,https://www.musinsa.com/products/3569049,2026-09-08 01:00:00,2026090801,3569049.0,에이알씨,10900.0,39.0,https://image.msscdn.net/thumbnails/images/goods_img/20230918/3569049/3569049_16950201145092_big.jpg?w=780
러닝 벨트,벨리 하이드레이션 힙색,무신사,2,0,https://www.musinsa.com/products/6116139,2026-09-08 01:00:00,2026090801,6116139.0,에이알씨,10900.0,39.0,https://image.msscdn.net/thumbnails/images/goods_img/20230918/3569049/3569049_16950201145092_big.jpg?w=780
러닝 벨트,벨리 하이드레이션 힙색,무신사,3,0,https://www.musinsa.com/products/2806572,2026-09-08 01:00:00,2026090801,2806572.0,에이알씨,10900.0,39.0,https://image.msscdn.net/thumbnails/images/goods_img/20230918/3569049/3569049_16950201145092_big.jpg?w=780
러닝 벨트,벨리 하이드레이션 힙색,무신사,4,0,https://www.musinsa.com/products/6708556,2026-09-08 01:00:00,2026090801,6708556.0,에이알씨,10900.0,39.0,https://image.msscdn.net/thumbnails/images/goods_img/20230918/3569049/3569049_16950201145092_big.jpg?w=780
러닝 벨트,벨리 하이드레이션 힙색,무신사,5,0,https://www.musinsa.com/products/5177612,2026-09-08 01:00:00,2026090801,5177612.0,에이알씨,10900.0,39.0,https://image.msscdn.net/thumbnails/images/goods_img/20230918/3569049/3569049_16950201145092_big.jpg?w=780
러닝 벨트,벨리 하이드레이션 힙색,무신사,6,0,https://www.musinsa.com/products/4492383,2026-09-08 01:00:00,2026090801,4492383.0,에이알씨,10900.0,39.0,https://image.msscdn.net/thumbnails/images/goods_img/20230918/3569049/3569049_16950201145092_big.jpg?w=780
러닝 벨트,벨리 하이드레이션 힙색,무신사,7,0,https://www.musinsa.com/products/2806573,2026-09-08 01:00:00,2026090801,2806573.0,에이알씨,10900.0,39.0,https://image.msscdn.net/thumbnails/images/goods_img/20230918/3569049/3569049_16950201145092_big.jpg?w=780
러닝 벨트,벨리 하이드레이션 힙색,무신사,8,0,https://www.musinsa.com/products/6410079,2026-09-08 01:00:00,2026090801,6410079.0,에이알씨,10900.0,39.0,https://image.msscdn.net/thumbnails/images/goods_img/20230918/3569049/3569049_16950201145092_big.jpg?w=780
카고 팬츠,트레이닝 라벨 카고핀턱 와이드 팬츠_블랙,무신사,1,0,https://www.musinsa.com/products/4766526,2026-09-08 01:00:00,2026090801,4766526.0,라이크더모스트,9900.0,79.0,https://image.msscdn.net/thumbnails/images/goods_img/20250207/4766526/4766526_17406155864477_big.jpg?w=780
카고 팬츠,트레이닝 라벨 카고핀턱 와이드 팬츠_블랙,무신사,2,0,https://www.musinsa.com/products/4488094,2026-09-08 01:00:00,2026090801,4488094.0,라이크더모스트,9900.0,79.0,https://image.msscdn.net/thumbnails/images/goods_img/20250207/4766526/4766526_17406155864477_big.jpg?w=780
카고 팬츠,트레이닝 라벨 카고핀턱 와이드 팬츠_블랙,무신사,3,0,https://www.musinsa.com/products/3443507,2026-09-08 01:00:00,2026090801,3443507.0,라이크더모스트,9900.0,79.0,https://image.msscdn.net/thumbnails/images/goods_img/20250207/4766526/4766526_17406155864477_big.jpg?w=780
카고 팬츠,트레이닝 라벨 카고핀턱 와이드 팬츠_블랙,무신사,4,0,https://www.musinsa.com/products/6432955,2026-09-08 01:00:00,2026090801,6432955.0,라이크더모스트,9900.0,79.0,https://image.msscdn.net/thumbnails/images/goods_img/20250207/4766526/4766526_17406155864477_big.jpg?w=780
카고 팬츠,트레이닝 라벨 카고핀턱 와이드 팬츠_블랙,무신사,5,0,https://www.musinsa.com/products/4481761,2026-09-08 01:00:00,2026090801,4481761.0,라이크더모스트,9900.0,79.0,https://image.msscdn.net/thumbnails/images/goods_img/20250207/4766526/4766526_17406155864477_big.jpg?w=780
카고 팬츠,트레이닝 라벨 카고핀턱 와이드 팬츠_블랙,무신사,6,0,https://www.musinsa.com/products/2818150,2026-09-08 01:00:00,2026090801,2818150.0,라이크더모스트,9900.0,79.0,https://image.msscdn.net/thumbnails/images/goods_img/20250207/4766526/4766526_17406155864477_big.jpg?w=780
카고 팬츠,트레이닝 라벨 카고핀턱 와이드 팬츠_블랙,무신사,7,0,https://www.musinsa.com/products/6197079,2026-09-08 01:00:00,2026090801,6197079.0,라이크더모스트,9900.0,79.0,https://image.msscdn.net/thumbnails/images/goods_img/20250207/4766526/4766526_17406155864477_big.jpg?w=780
카고 팬츠,트레이닝 라벨 카고핀턱 와이드 팬츠_블랙,무신사,8,0,https://www.musinsa.com/products/6539131,2026-09-08 01:00:00,2026090801,6539131.0,라이크더모스트,9900.0,79.0,https://image.msscdn.net/thumbnails/images/goods_img/20250207/4766526/4766526_17406155864477_big.jpg?w=780
여성 가디건,BASIC WOOL ARCHIVE CARDIGAN PURPLE,무신사,1,0,https://www.musinsa.com/products/7002720,2026-09-08 02:00:00,2026090802,7002720.0,,9900.0,80.0,https://image.msscdn.net/thumbnails/images/goods_img/20260805/7002720/7002720_17872202964448_big.jpg?w=780
여성 가디건,BASIC WOOL ARCHIVE CARDIGAN PURPLE,무신사,2,0,https://www.musinsa.com/products/7003053,2026-09-08 02:00:00,2026090802,7003053.0,,9900.0,80.0,https://image.msscdn.net/thumbnails/images/goods_img/20260805/7002720/7002720_17872202964448_big.jpg?w=780
여성 가디건,BASIC WOOL ARCHIVE CARDIGAN PURPLE,무신사,3,0,https://www.musinsa.com/products/7002723,2026-09-08 02:00:00,2026090802,7002723.0,,9900.0,80.0,https://image.msscdn.net/thumbnails/images/goods_img/20260805/7002720/7002720_17872202964448_big.jpg?w=780
여성 가디건,BASIC WOOL ARCHIVE CARDIGAN PURPLE,무신사,4,0,https://www.musinsa.com/products/6986922,2026-09-08 02:00:00,2026090802,6986922.0,,9900.0,80.0,https://image.msscdn.net/thumbnails/images/goods_img/20260805/7002720/7002720_17872202964448_big.jpg?w=780
여성 가디건,BASIC WOOL ARCHIVE CARDIGAN PURPLE,무신사,5,0,https://www.musinsa.com/products/7048997,2026-09-08 02:00:00,2026090802,7048997.0,,9900.0,80.0,https://image.msscdn.net/thumbnails/images/goods_img/20260805/7002720/7002720_17872202964448_big.jpg?w=780
여성 가디건,BASIC WOOL ARCHIVE CARDIGAN PURPLE,무신사,6,0,https://www.musinsa.com/products/7009236,2026-09-08 02:00:00,2026090802,7009236.0,,9900.0,80.0,https://image.msscdn.net/thumbnails/images/goods_img/20260805/7002720/7002720_17872202964448_big.jpg?w=780
여성 가디건,BASIC WOOL ARCHIVE CARDIGAN PURPLE,무신사,7,0,https://www.musinsa.com/products/7002751,2026-09-08 02:00:00,2026090802,7002751.0,,9900.0,80.0,https://image.msscdn.net/thumbnails/images/goods_img/20260805/7002720/7002720_17872202964448_big.jpg?w=780
여성 가디건,BASIC WOOL ARCHIVE CARDIGAN PURPLE,무신사,8,0,https://www.musinsa.com/products/7112414,2026-09-08 02:00:00,2026090802,7112414.0,,9900.0,80.0,https://image.msscdn.net/thumbnails/images/goods_img/20260805/7002720/7002720_17872202964448_big.jpg?w=780
남성 바람막이,스쿼미시 후디 남성 - HABITAT / AJQSM10276,무신사,1,0,https://www.musinsa.com/products/6764810,2026-09-08 02:00:00,2026090802,6764810.0,,63320.0,61.0,https://image.msscdn.net/thumbnails/images/goods_img/20260701/6764810/6764810_17853729257267_big.jpg?w=780
남성 바람막이,스쿼미시 후디 남성 - HABITAT / AJQSM10276,무신사,2,0,https://www.musinsa.com/products/4812147,2026-09-08 02:00:00,2026090802,4812147.0,,63320.0,61.0,https://image.msscdn.net/thumbnails/images/goods_img/20260701/6764810/6764810_17853729257267_big.jpg?w=780
남성 바람막이,스쿼미시 후디 남성 - HABITAT / AJQSM10276,무신사,3,0,https://www.musinsa.com/products/5394948,2026-09-08 02:00:00,2026090802,5394948.0,,63320.0,61.0,https://image.msscdn.net/thumbnails/images/goods_img/20260701/6764810/6764810_17853729257267_big.jpg?w=780
남성 바람막이,스쿼미시 후디 남성 - HABITAT / AJQSM10276,무신사,4,0,https://www.musinsa.com/products/5890444,2026-09-08 02:00:00,2026090802,5890444.0,,63320.0,61.0,https://image.msscdn.net/thumbnails/images/goods_img/20260701/6764810/6764810_17853729257267_big.jpg?w=780
남성 바람막이,스쿼미시 후디 남성 - HABITAT / AJQSM10276,무신사,5,0,https://www.musinsa.com/products/5189579,2026-09-08 02:00:00,2026090802,5189579.0,,63320.0,61.0,https://image.msscdn.net/thumbnails/images/goods_img/20260701/6764810/6764810_17853729257267_big.jpg?w=780
남성 바람막이,스쿼미시 후디 남성 - HABITAT / AJQSM10276,무신사,6,0,https://www.musinsa.com/products/5394891,2026-09-08 02:00:00,2026090802,5394891.0,,63320.0,61.0,https://image.msscdn.net/thumbnails/images/goods_img/20260701/6764810/6764810_17853729257267_big.jpg?w=780
남성 바람막이,스쿼미시 후디 남성 - HABITAT / AJQSM10276,무신사,7,0,https://www.musinsa.com/products/6182222,2026-09-08 02:00:00,2026090802,6182222.0,,63320.0,61.0,https://image.msscdn.net/thumbnails/images/goods_img/20260701/6764810/6764810_17853729257267_big.jpg?w=780
남성 바람막이,스쿼미시 후디 남성 - HABITAT / AJQSM10276,무신사,8,0,https://www.musinsa.com/products/7043284,2026-09-08 02:00:00,2026090802,7043284.0,,63320.0,61.0,https://image.msscdn.net/thumbnails/images/goods_img/20260701/6764810/6764810_17853729257267_big.jpg?w=780
여성 원피스,블레이크 울 니트 원피스 ( 핑크 ),무신사,1,0,https://www.musinsa.com/products/5617983,2026-09-08 02:00:00,2026090802,5617983.0,,11000.0,86.0,https://image.msscdn.net/thumbnails/images/goods_img/20251021/5617983/5617983_17623263393354_big.jpg?w=780
여성 원피스,블레이크 울 니트 원피스 ( 핑크 ),무신사,2,0,https://www.musinsa.com/products/4132460,2026-09-08 02:00:00,2026090802,4132460.0,,11000.0,86.0,https://image.msscdn.net/thumbnails/images/goods_img/20251021/5617983/5617983_17623263393354_big.jpg?w=780
여성 원피스,블레이크 울 니트 원피스 ( 핑크 ),무신사,3,0,https://www.musinsa.com/products/4655665,2026-09-08 02:00:00,2026090802,4655665.0,,11000.0,86.0,https://image.msscdn.net/thumbnails/images/goods_img/20251021/5617983/5617983_17623263393354_big.jpg?w=780
여성 원피스,블레이크 울 니트 원피스 ( 핑크 ),무신사,4,0,https://www.musinsa.com/products/5134344,2026-09-08 02:00:00,2026090802,5134344.0,,11000.0,86.0,https://image.msscdn.net/thumbnails/images/goods_img/20251021/5617983/5617983_17623263393354_big.jpg?w=780
여성 원피스,블레이크 울 니트 원피스 ( 핑크 ),무신사,5,0,https://www.musinsa.com/products/5313912,2026-09-08 02:00:00,2026090802,5313912.0,,11000.0,86.0,https://image.msscdn.net/thumbnails/images/goods_img/20251021/5617983/5617983_17623263393354_big.jpg?w=780
여성 원피스,블레이크 울 니트 원피스 ( 핑크 ),무신사,6,0,https://www.musinsa.com/products/5245185,2026-09-08 02:00:00,2026090802,5245185.0,,11000.0,86.0,https://image.msscdn.net/thumbnails/images/goods_img/20251021/5617983/5617983_17623263393354_big.jpg?w=780
여성 원피스,블레이크 울 니트 원피스 ( 핑크 ),무신사,7,0,https://www.musinsa.com/products/4167195,2026-09-08 02:00:00,2026090802,4167195.0,,11000.0,86.0,https://image.msscdn.net/thumbnails/images/goods_img/20251021/5617983/5617983_17623263393354_big.jpg?w=780
여성 원피스,블레이크 울 니트 원피스 ( 핑크 ),무신사,8,0,https://www.musinsa.com/products/4891346,2026-09-08 02:00:00,2026090802,4891346.0,,11000.0,86.0,https://image.msscdn.net/thumbnails/images/goods_img/20251021/5617983/5617983_17623263393354_big.jpg?w=780
러닝 벨트,벨리 하이드레이션 힙색,무신사,1,0,https://www.musinsa.com/products/3569049,2026-09-08 02:00:00,2026090802,3569049.0,에이알씨,10900.0,39.0,https://image.msscdn.net/thumbnails/images/goods_img/20230918/3569049/3569049_16950201145092_big.jpg?w=780
러닝 벨트,벨리 하이드레이션 힙색,무신사,2,0,https://www.musinsa.com/products/6116139,2026-09-08 02:00:00,2026090802,6116139.0,에이알씨,10900.0,39.0,https://image.msscdn.net/thumbnails/images/goods_img/20230918/3569049/3569049_16950201145092_big.jpg?w=780
러닝 벨트,벨리 하이드레이션 힙색,무신사,3,0,https://www.musinsa.com/products/2806572,2026-09-08 02:00:00,2026090802,2806572.0,에이알씨,10900.0,39.0,https://image.msscdn.net/thumbnails/images/goods_img/20230918/3569049/3569049_16950201145092_big.jpg?w=780
러닝 벨트,벨리 하이드레이션 힙색,무신사,4,0,https://www.musinsa.com/products/6708556,2026-09-08 02:00:00,2026090802,6708556.0,에이알씨,10900.0,39.0,https://image.msscdn.net/thumbnails/images/goods_img/20230918/3569049/3569049_16950201145092_big.jpg?w=780
러닝 벨트,벨리 하이드레이션 힙색,무신사,5,0,https://www.musinsa.com/products/5177612,2026-09-08 02:00:00,2026090802,5177612.0,에이알씨,10900.0,39.0,https://image.msscdn.net/thumbnails/images/goods_img/20230918/3569049/3569049_16950201145092_big.jpg?w=780
러닝 벨트,벨리 하이드레이션 힙색,무신사,6,0,https://www.musinsa.com/products/4492383,2026-09-08 02:00:00,2026090802,4492383.0,에이알씨,10900.0,39.0,https://image.msscdn.net/thumbnails/images/goods_img/20230918/3569049/3569049_16950201145092_big.jpg?w=780
러닝 벨트,벨리 하이드레이션 힙색,무신사,7,0,https://www.musinsa.com/products/2806573,2026-09-08 02:00:00,2026090802,2806573.0,에이알씨,10900.0,39.0,https://image.msscdn.net/thumbnails/images/goods_img/20230918/3569049/3569049_16950201145092_big.jpg?w=780
러닝 벨트,벨리 하이드레이션 힙색,무신사,8,0,https://www.musinsa.com/products/6410079,2026-09-08 02:00:00,2026090802,6410079.0,에이알씨,10900.0,39.0,https://image.msscdn.net/thumbnails/images/goods_img/20230918/3569049/3569049_16950201145092_big.jpg?w=780
카고 팬츠,트레이닝 라벨 카고핀턱 와이드 팬츠_블랙,무신사,1,0,https://www.musinsa.com/products/4766526,2026-09-08 02:00:00,2026090802,4766526.0,라이크더모스트,9900.0,79.0,https://image.msscdn.net/thumbnails/images/goods_img/20250207/4766526/4766526_17406155864477_big.jpg?w=780
카고 팬츠,트레이닝 라벨 카고핀턱 와이드 팬츠_블랙,무신사,2,0,https://www.musinsa.com/products/4488094,2026-09-08 02:00:00,2026090802,4488094.0,라이크더모스트,9900.0,79.0,https://image.msscdn.net/thumbnails/images/goods_img/20250207/4766526/4766526_17406155864477_big.jpg?w=780
카고 팬츠,트레이닝 라벨 카고핀턱 와이드 팬츠_블랙,무신사,3,0,https://www.musinsa.com/products/3443507,2026-09-08 02:00:00,2026090802,3443507.0,라이크더모스트,9900.0,79.0,https://image.msscdn.net/thumbnails/images/goods_img/20250207/4766526/4766526_17406155864477_big.jpg?w=780
카고 팬츠,트레이닝 라벨 카고핀턱 와이드 팬츠_블랙,무신사,4,0,https://www.musinsa.com/products/6432955,2026-09-08 02:00:00,2026090802,6432955.0,라이크더모스트,9900.0,79.0,https://image.msscdn.net/thumbnails/images/goods_img/20250207/4766526/4766526_17406155864477_big.jpg?w=780
카고 팬츠,트레이닝 라벨 카고핀턱 와이드 팬츠_블랙,무신사,5,0,https://www.musinsa.com/products/4481761,2026-09-08 02:00:00,2026090802,4481761.0,라이크더모스트,9900.0,79.0,https://image.msscdn.net/thumbnails/images/goods_img/20250207/4766526/4766526_17406155864477_big.jpg?w=780
카고 팬츠,트레이닝 라벨 카고핀턱 와이드 팬츠_블랙,무신사,6,0,https://www.musinsa.com/products/2818150,2026-09-08 02:00:00,2026090802,2818150.0,라이크더모스트,9900.0,79.0,https://image.msscdn.net/thumbnails/images/goods_img/20250207/4766526/4766526_17406155864477_big.jpg?w=780
카고 팬츠,트레이닝 라벨 카고핀턱 와이드 팬츠_블랙,무신사,7,0,https://www.musinsa.com/products/6197079,2026-09-08 02:00:00,2026090802,6197079.0,라이크더모스트,9900.0,79.0,https://image.msscdn.net/thumbnails/images/goods_img/20250207/4766526/4766526_17406155864477_big.jpg?w=780
카고 팬츠,트레이닝 라벨 카고핀턱 와이드 팬츠_블랙,무신사,8,0,https://www.musinsa.com/products/6539131,2026-09-08 02:00:00,2026090802,6539131.0,라이크더모스트,9900.0,79.0,https://image.msscdn.net/thumbnails/images/goods_img/20250207/4766526/4766526_17406155864477_big.jpg?w=780
여성 가디건,BASIC WOOL ARCHIVE CARDIGAN PURPLE,무신사,1,0,https://www.musinsa.com/products/7002720,2026-09-08 03:00:00,2026090803,7002720.0,,9900.0,80.0,https://image.msscdn.net/thumbnails/images/goods_img/20260805/7002720/7002720_17872202964448_big.jpg?w=780
여성 가디건,BASIC WOOL ARCHIVE CARDIGAN PURPLE,무신사,2,0,https://www.musinsa.com/products/7003053,2026-09-08 03:00:00,2026090803,7003053.0,,9900.0,80.0,https://image.msscdn.net/thumbnails/images/goods_img/20260805/7002720/7002720_17872202964448_big.jpg?w=780
여성 가디건,BASIC WOOL ARCHIVE CARDIGAN PURPLE,무신사,3,0,https://www.musinsa.com/products/7002723,2026-09-08 03:00:00,2026090803,7002723.0,,9900.0,80.0,https://image.msscdn.net/thumbnails/images/goods_img/20260805/7002720/7002720_17872202964448_big.jpg?w=780
여성 가디건,BASIC WOOL ARCHIVE CARDIGAN PURPLE,무신사,4,0,https://www.musinsa.com/products/6986922,2026-09-08 03:00:00,2026090803,6986922.0,,9900.0,80.0,https://image.msscdn.net/thumbnails/images/goods_img/20260805/7002720/7002720_17872202964448_big.jpg?w=780
여성 가디건,BASIC WOOL ARCHIVE CARDIGAN PURPLE,무신사,5,0,https://www.musinsa.com/products/7048997,2026-09-08 03:00:00,2026090803,7048997.0,,9900.0,80.0,https://image.msscdn.net/thumbnails/images/goods_img/20260805/7002720/7002720_17872202964448_big.jpg?w=780
여성 가디건,BASIC WOOL ARCHIVE CARDIGAN PURPLE,무신사,6,0,https://www.musinsa.com/products/7009236,2026-09-08 03:00:00,2026090803,7009236.0,,9900.0,80.0,https://image.msscdn.net/thumbnails/images/goods_img/20260805/7002720/7002720_17872202964448_big.jpg?w=780
여성 가디건,BASIC WOOL ARCHIVE CARDIGAN PURPLE,무신사,7,0,https://www.musinsa.com/products/7002751,2026-09-08 03:00:00,2026090803,7002751.0,,9900.0,80.0,https://image.msscdn.net/thumbnails/images/goods_img/20260805/7002720/7002720_17872202964448_big.jpg?w=780
여성 가디건,BASIC WOOL ARCHIVE CARDIGAN PURPLE,무신사,8,0,https://www.musinsa.com/products/7112414,2026-09-08 03:00:00,2026090803,7112414.0,,9900.0,80.0,https://image.msscdn.net/thumbnails/images/goods_img/20260805/7002720/7002720_17872202964448_big.jpg?w=780
남성 바람막이,스쿼미시 후디 남성 - HABITAT / AJQSM10276,무신사,1,0,https://www.musinsa.com/products/6764810,2026-09-08 03:00:00,2026090803,6764810.0,,63320.0,61.0,https://image.msscdn.net/thumbnails/images/goods_img/20260701/6764810/6764810_17853729257267_big.jpg?w=780
남성 바람막이,스쿼미시 후디 남성 - HABITAT / AJQSM10276,무신사,2,0,https://www.musinsa.com/products/4812147,2026-09-08 03:00:00,2026090803,4812147.0,,63320.0,61.0,https://image.msscdn.net/thumbnails/images/goods_img/20260701/6764810/6764810_17853729257267_big.jpg?w=780
남성 바람막이,스쿼미시 후디 남성 - HABITAT / AJQSM10276,무신사,3,0,https://www.musinsa.com/products/5394948,2026-09-08 03:00:00,2026090803,5394948.0,,63320.0,61.0,https://image.msscdn.net/thumbnails/images/goods_img/20260701/6764810/6764810_17853729257267_big.jpg?w=780
남성 바람막이,스쿼미시 후디 남성 - HABITAT / AJQSM10276,무신사,4,0,https://www.musinsa.com/products/5890444,2026-09-08 03:00:00,2026090803,5890444.0,,63320.0,61.0,https://image.msscdn.net/thumbnails/images/goods_img/20260701/6764810/6764810_17853729257267_big.jpg?w=780
남성 바람막이,스쿼미시 후디 남성 - HABITAT / AJQSM10276,무신사,5,0,https://www.musinsa.com/products/5189579,2026-09-08 03:00:00,2026090803,5189579.0,,63320.0,61.0,https://image.msscdn.net/thumbnails/images/goods_img/20260701/6764810/6764810_17853729257267_big.jpg?w=780
남성 바람막이,스쿼미시 후디 남성 - HABITAT / AJQSM10276,무신사,6,0,https://www.musinsa.com/products/5394891,2026-09-08 03:00:00,2026090803,5394891.0,,63320.0,61.0,https://image.msscdn.net/thumbnails/images/goods_img/20260701/6764810/6764810_17853729257267_big.jpg?w=780
남성 바람막이,스쿼미시 후디 남성 - HABITAT / AJQSM10276,무신사,7,0,https://www.musinsa.com/products/6182222,2026-09-08 03:00:00,2026090803,6182222.0,,63320.0,61.0,https://image.msscdn.net/thumbnails/images/goods_img/20260701/6764810/6764810_17853729257267_big.jpg?w=780
남성 바람막이,스쿼미시 후디 남성 - HABITAT / AJQSM10276,무신사,8,0,https://www.musinsa.com/products/7043284,2026-09-08 03:00:00,2026090803,7043284.0,,63320.0,61.0,https://image.msscdn.net/thumbnails/images/goods_img/20260701/6764810/6764810_17853729257267_big.jpg?w=780
여성 원피스,블레이크 울 니트 원피스 ( 핑크 ),무신사,1,0,https://www.musinsa.com/products/5617983,2026-09-08 03:00:00,2026090803,5617983.0,,11000.0,86.0,https://image.msscdn.net/thumbnails/images/goods_img/20251021/5617983/5617983_17623263393354_big.jpg?w=780
여성 원피스,블레이크 울 니트 원피스 ( 핑크 ),무신사,2,0,https://www.musinsa.com/products/4132460,2026-09-08 03:00:00,2026090803,4132460.0,,11000.0,86.0,https://image.msscdn.net/thumbnails/images/goods_img/20251021/5617983/5617983_17623263393354_big.jpg?w=780
여성 원피스,블레이크 울 니트 원피스 ( 핑크 ),무신사,3,0,https://www.musinsa.com/products/4655665,2026-09-08 03:00:00,2026090803,4655665.0,,11000.0,86.0,https://image.msscdn.net/thumbnails/images/goods_img/20251021/5617983/5617983_17623263393354_big.jpg?w=780
여성 원피스,블레이크 울 니트 원피스 ( 핑크 ),무신사,4,0,https://www.musinsa.com/products/5134344,2026-09-08 03:00:00,2026090803,5134344.0,,11000.0,86.0,https://image.msscdn.net/thumbnails/images/goods_img/20251021/5617983/5617983_17623263393354_big.jpg?w=780
여성 원피스,블레이크 울 니트 원피스 ( 핑크 ),무신사,5,0,https://www.musinsa.com/products/5313912,2026-09-08 03:00:00,2026090803,5313912.0,,11000.0,86.0,https://image.msscdn.net/thumbnails/images/goods_img/20251021/5617983/5617983_17623263393354_big.jpg?w=780
여성 원피스,블레이크 울 니트 원피스 ( 핑크 ),무신사,6,0,https://www.musinsa.com/products/5245185,2026-09-08 03:00:00,2026090803,5245185.0,,11000.0,86.0,https://image.msscdn.net/thumbnails/images/goods_img/20251021/5617983/5617983_17623263393354_big.jpg?w=780
여성 원피스,블레이크 울 니트 원피스 ( 핑크 ),무신사,7,0,https://www.musinsa.com/products/4167195,2026-09-08 03:00:00,2026090803,4167195.0,,11000.0,86.0,https://image.msscdn.net/thumbnails/images/goods_img/20251021/5617983/5617983_17623263393354_big.jpg?w=780
여성 원피스,블레이크 울 니트 원피스 ( 핑크 ),무신사,8,0,https://www.musinsa.com/products/4891346,2026-09-08 03:00:00,2026090803,4891346.0,,11000.0,86.0,https://image.msscdn.net/thumbnails/images/goods_img/20251021/5617983/5617983_17623263393354_big.jpg?w=780
러닝 벨트,벨리 하이드레이션 힙색,무신사,1,0,https://www.musinsa.com/products/3569049,2026-09-08 03:00:00,2026090803,3569049.0,에이알씨,10900.0,39.0,https://image.msscdn.net/thumbnails/images/goods_img/20230918/3569049/3569049_16950201145092_big.jpg?w=780
러닝 벨트,벨리 하이드레이션 힙색,무신사,2,0,https://www.musinsa.com/products/6116139,2026-09-08 03:00:00,2026090803,6116139.0,에이알씨,10900.0,39.0,https://image.msscdn.net/thumbnails/images/goods_img/20230918/3569049/3569049_16950201145092_big.jpg?w=780
러닝 벨트,벨리 하이드레이션 힙색,무신사,3,0,https://www.musinsa.com/products/2806572,2026-09-08 03:00:00,2026090803,2806572.0,에이알씨,10900.0,39.0,https://image.msscdn.net/thumbnails/images/goods_img/20230918/3569049/3569049_16950201145092_big.jpg?w=780
러닝 벨트,벨리 하이드레이션 힙색,무신사,4,0,https://www.musinsa.com/products/6708556,2026-09-08 03:00:00,2026090803,6708556.0,에이알씨,10900.0,39.0,https://image.msscdn.net/thumbnails/images/goods_img/20230918/3569049/3569049_16950201145092_big.jpg?w=780
러닝 벨트,벨리 하이드레이션 힙색,무신사,5,0,https://www.musinsa.com/products/5177612,2026-09-08 03:00:00,2026090803,5177612.0,에이알씨,10900.0,39.0,https://image.msscdn.net/thumbnails/images/goods_img/20230918/3569049/3569049_16950201145092_big.jpg?w=780
러닝 벨트,벨리 하이드레이션 힙색,무신사,6,0,https://www.musinsa.com/products/4492383,2026-09-08 03:00:00,2026090803,4492383.0,에이알씨,10900.0,39.0,https://image.msscdn.net/thumbnails/images/goods_img/20230918/3569049/3569049_16950201145092_big.jpg?w=780
러닝 벨트,벨리 하이드레이션 힙색,무신사,7,0,https://www.musinsa.com/products/2806573,2026-09-08 03:00:00,2026090803,2806573.0,에이알씨,10900.0,39.0,https://image.msscdn.net/thumbnails/images/goods_img/20230918/3569049/3569049_16950201145092_big.jpg?w=780
러닝 벨트,벨리 하이드레이션 힙색,무신사,8,0,https://www.musinsa.com/products/6410079,2026-09-08 03:00:00,2026090803,6410079.0,에이알씨,10900.0,39.0,https://image.msscdn.net/thumbnails/images/goods_img/20230918/3569049/3569049_16950201145092_big.jpg?w=780
카고 팬츠,트레이닝 라벨 카고핀턱 와이드 팬츠_블랙,무신사,1,0,https://www.musinsa.com/products/4766526,2026-09-08 03:00:00,2026090803,4766526.0,라이크더모스트,9900.0,79.0,https://image.msscdn.net/thumbnails/images/goods_img/20250207/4766526/4766526_17406155864477_big.jpg?w=780
카고 팬츠,트레이닝 라벨 카고핀턱 와이드 팬츠_블랙,무신사,2,0,https://www.musinsa.com/products/4488094,2026-09-08 03:00:00,2026090803,4488094.0,라이크더모스트,9900.0,79.0,https://image.msscdn.net/thumbnails/images/goods_img/20250207/4766526/4766526_17406155864477_big.jpg?w=780
카고 팬츠,트레이닝 라벨 카고핀턱 와이드 팬츠_블랙,무신사,3,0,https://www.musinsa.com/products/3443507,2026-09-08 03:00:00,2026090803,3443507.0,라이크더모스트,9900.0,79.0,https://image.msscdn.net/thumbnails/images/goods_img/20250207/4766526/4766526_17406155864477_big.jpg?w=780
카고 팬츠,트레이닝 라벨 카고핀턱 와이드 팬츠_블랙,무신사,4,0,https://www.musinsa.com/products/6432955,2026-09-08 03:00:00,2026090803,6432955.0,라이크더모스트,9900.0,79.0,https://image.msscdn.net/thumbnails/images/goods_img/20250207/4766526/4766526_17406155864477_big.jpg?w=780
카고 팬츠,트레이닝 라벨 카고핀턱 와이드 팬츠_블랙,무신사,5,0,https://www.musinsa.com/products/4481761,2026-09-08 03:00:00,2026090803,4481761.0,라이크더모스트,9900.0,79.0,https://image.msscdn.net/thumbnails/images/goods_img/20250207/4766526/4766526_17406155864477_big.jpg?w=780
카고 팬츠,트레이닝 라벨 카고핀턱 와이드 팬츠_블랙,무신사,6,0,https://www.musinsa.com/products/2818150,2026-09-08 03:00:00,2026090803,2818150.0,라이크더모스트,9900.0,79.0,https://image.msscdn.net/thumbnails/images/goods_img/20250207/4766526/4766526_17406155864477_big.jpg?w=780
카고 팬츠,트레이닝 라벨 카고핀턱 와이드 팬츠_블랙,무신사,7,0,https://www.musinsa.com/products/6197079,2026-09-08 03:00:00,2026090803,6197079.0,라이크더모스트,9900.0,79.0,https://image.msscdn.net/thumbnails/images/goods_img/20250207/4766526/4766526_17406155864477_big.jpg?w=780
카고 팬츠,트레이닝 라벨 카고핀턱 와이드 팬츠_블랙,무신사,8,0,https://www.musinsa.com/products/6539131,2026-09-08 03:00:00,2026090803,6539131.0,라이크더모스트,9900.0,79.0,https://image.msscdn.net/thumbnails/images/goods_img/20250207/4766526/4766526_17406155864477_big.jpg?w=780
여성 가디건,BASIC WOOL ARCHIVE CARDIGAN PURPLE,무신사,1,0,https://www.musinsa.com/products/7002720,2026-09-08 04:00:00,2026090804,7002720,,9900.0,80.0,https://image.msscdn.net/thumbnails/images/goods_img/20260805/7002720/7002720_17872202964448_big.jpg?w=780
여성 가디건,BASIC WOOL ARCHIVE CARDIGAN PURPLE,무신사,2,0,https://www.musinsa.com/products/7003053,2026-09-08 04:00:00,2026090804,7003053,,9900.0,80.0,https://image.msscdn.net/thumbnails/images/goods_img/20260805/7002720/7002720_17872202964448_big.jpg?w=780
여성 가디건,BASIC WOOL ARCHIVE CARDIGAN PURPLE,무신사,3,0,https://www.musinsa.com/products/7002723,2026-09-08 04:00:00,2026090804,7002723,,9900.0,80.0,https://image.msscdn.net/thumbnails/images/goods_img/20260805/7002720/7002720_17872202964448_big.jpg?w=780
여성 가디건,BASIC WOOL ARCHIVE CARDIGAN PURPLE,무신사,4,0,https://www.musinsa.com/products/6986922,2026-09-08 04:00:00,2026090804,6986922,,9900.0,80.0,https://image.msscdn.net/thumbnails/images/goods_img/20260805/7002720/7002720_17872202964448_big.jpg?w=780
여성 가디건,BASIC WOOL ARCHIVE CARDIGAN PURPLE,무신사,5,0,https://www.musinsa.com/products/7048997,2026-09-08 04:00:00,2026090804,7048997,,9900.0,80.0,https://image.msscdn.net/thumbnails/images/goods_img/20260805/7002720/7002720_17872202964448_big.jpg?w=780
여성 가디건,BASIC WOOL ARCHIVE CARDIGAN PURPLE,무신사,6,0,https://www.musinsa.com/products/7009236,2026-09-08 04:00:00,2026090804,7009236,,9900.0,80.0,https://image.msscdn.net/thumbnails/images/goods_img/20260805/7002720/7002720_17872202964448_big.jpg?w=780
여성 가디건,BASIC WOOL ARCHIVE CARDIGAN PURPLE,무신사,7,0,https://www.musinsa.com/products/7002751,2026-09-08 04:00:00,2026090804,7002751,,9900.0,80.0,https://image.msscdn.net/thumbnails/images/goods_img/20260805/7002720/7002720_17872202964448_big.jpg?w=780
여성 가디건,BASIC WOOL ARCHIVE CARDIGAN PURPLE,무신사,8,0,https://www.musinsa.com/products/7112414,2026-09-08 04:00:00,2026090804,7112414,,9900.0,80.0,https://image.msscdn.net/thumbnails/images/goods_img/20260805/7002720/7002720_17872202964448_big.jpg?w=780
남성 바람막이,스쿼미시 후디 남성 - HABITAT / AJQSM10276,무신사,1,0,https://www.musinsa.com/products/6764810,2026-09-08 04:00:00,2026090804,6764810,,63320.0,61.0,https://image.msscdn.net/thumbnails/images/goods_img/20260701/6764810/6764810_17853729257267_big.jpg?w=780
남성 바람막이,스쿼미시 후디 남성 - HABITAT / AJQSM10276,무신사,2,0,https://www.musinsa.com/products/4812147,2026-09-08 04:00:00,2026090804,4812147,,63320.0,61.0,https://image.msscdn.net/thumbnails/images/goods_img/20260701/6764810/6764810_17853729257267_big.jpg?w=780
남성 바람막이,스쿼미시 후디 남성 - HABITAT / AJQSM10276,무신사,3,0,https://www.musinsa.com/products/5394948,2026-09-08 04:00:00,2026090804,5394948,,63320.0,61.0,https://image.msscdn.net/thumbnails/images/goods_img/20260701/6764810/6764810_17853729257267_big.jpg?w=780
남성 바람막이,스쿼미시 후디 남성 - HABITAT / AJQSM10276,무신사,4,0,https://www.musinsa.com/products/5890444,2026-09-08 04:00:00,2026090804,5890444,,63320.0,61.0,https://image.msscdn.net/thumbnails/images/goods_img/20260701/6764810/6764810_17853729257267_big.jpg?w=780
남성 바람막이,스쿼미시 후디 남성 - HABITAT / AJQSM10276,무신사,5,0,https://www.musinsa.com/products/5189579,2026-09-08 04:00:00,2026090804,5189579,,63320.0,61.0,https://image.msscdn.net/thumbnails/images/goods_img/20260701/6764810/6764810_17853729257267_big.jpg?w=780
남성 바람막이,스쿼미시 후디 남성 - HABITAT / AJQSM10276,무신사,6,0,https://www.musinsa.com/products/5394891,2026-09-08 04:00:00,2026090804,5394891,,63320.0,61.0,https://image.msscdn.net/thumbnails/images/goods_img/20260701/6764810/6764810_17853729257267_big.jpg?w=780
남성 바람막이,스쿼미시 후디 남성 - HABITAT / AJQSM10276,무신사,7,0,https://www.musinsa.com/products/6182222,2026-09-08 04:00:00,2026090804,6182222,,63320.0,61.0,https://image.msscdn.net/thumbnails/images/goods_img/20260701/6764810/6764810_17853729257267_big.jpg?w=780
남성 바람막이,스쿼미시 후디 남성 - HABITAT / AJQSM10276,무신사,8,0,https://www.musinsa.com/products/7043284,2026-09-08 04:00:00,2026090804,7043284,,63320.0,61.0,https://image.msscdn.net/thumbnails/images/goods_img/20260701/6764810/6764810_17853729257267_big.jpg?w=780
여성 원피스,블레이크 울 니트 원피스 ( 핑크 ),무신사,1,0,https://www.musinsa.com/products/5617983,2026-09-08 04:00:00,2026090804,5617983,,11000.0,86.0,https://image.msscdn.net/thumbnails/images/goods_img/20251021/5617983/5617983_17623263393354_big.jpg?w=780
여성 원피스,블레이크 울 니트 원피스 ( 핑크 ),무신사,2,0,https://www.musinsa.com/products/4132460,2026-09-08 04:00:00,2026090804,4132460,,11000.0,86.0,https://image.msscdn.net/thumbnails/images/goods_img/20251021/5617983/5617983_17623263393354_big.jpg?w=780
여성 원피스,블레이크 울 니트 원피스 ( 핑크 ),무신사,3,0,https://www.musinsa.com/products/4655665,2026-09-08 04:00:00,2026090804,4655665,,11000.0,86.0,https://image.msscdn.net/thumbnails/images/goods_img/20251021/5617983/5617983_17623263393354_big.jpg?w=780
여성 원피스,블레이크 울 니트 원피스 ( 핑크 ),무신사,4,0,https://www.musinsa.com/products/5134344,2026-09-08 04:00:00,2026090804,5134344,,11000.0,86.0,https://image.msscdn.net/thumbnails/images/goods_img/20251021/5617983/5617983_17623263393354_big.jpg?w=780
여성 원피스,블레이크 울 니트 원피스 ( 핑크 ),무신사,5,0,https://www.musinsa.com/products/5313912,2026-09-08 04:00:00,2026090804,5313912,,11000.0,86.0,https://image.msscdn.net/thumbnails/images/goods_img/20251021/5617983/5617983_17623263393354_big.jpg?w=780
여성 원피스,블레이크 울 니트 원피스 ( 핑크 ),무신사,6,0,https://www.musinsa.com/products/5245185,2026-09-08 04:00:00,2026090804,5245185,,11000.0,86.0,https://image.msscdn.net/thumbnails/images/goods_img/20251021/5617983/5617983_17623263393354_big.jpg?w=780
여성 원피스,블레이크 울 니트 원피스 ( 핑크 ),무신사,7,0,https://www.musinsa.com/products/4167195,2026-09-08 04:00:00,2026090804,4167195,,11000.0,86.0,https://image.msscdn.net/thumbnails/images/goods_img/20251021/5617983/5617983_17623263393354_big.jpg?w=780
여성 원피스,블레이크 울 니트 원피스 ( 핑크 ),무신사,8,0,https://www.musinsa.com/products/4891346,2026-09-08 04:00:00,2026090804,4891346,,11000.0,86.0,https://image.msscdn.net/thumbnails/images/goods_img/20251021/5617983/5617983_17623263393354_big.jpg?w=780
러닝 벨트,벨리 하이드레이션 힙색,무신사,1,0,https://www.musinsa.com/products/3569049,2026-09-08 04:00:00,2026090804,3569049,에이알씨,10900.0,39.0,https://image.msscdn.net/thumbnails/images/goods_img/20230918/3569049/3569049_16950201145092_big.jpg?w=780
러닝 벨트,벨리 하이드레이션 힙색,무신사,2,0,https://www.musinsa.com/products/6116139,2026-09-08 04:00:00,2026090804,6116139,에이알씨,10900.0,39.0,https://image.msscdn.net/thumbnails/images/goods_img/20230918/3569049/3569049_16950201145092_big.jpg?w=780
러닝 벨트,벨리 하이드레이션 힙색,무신사,3,0,https://www.musinsa.com/products/2806572,2026-09-08 04:00:00,2026090804,2806572,에이알씨,10900.0,39.0,https://image.msscdn.net/thumbnails/images/goods_img/20230918/3569049/3569049_16950201145092_big.jpg?w=780
러닝 벨트,벨리 하이드레이션 힙색,무신사,4,0,https://www.musinsa.com/products/6708556,2026-09-08 04:00:00,2026090804,6708556,에이알씨,10900.0,39.0,https://image.msscdn.net/thumbnails/images/goods_img/20230918/3569049/3569049_16950201145092_big.jpg?w=780
러닝 벨트,벨리 하이드레이션 힙색,무신사,5,0,https://www.musinsa.com/products/5177612,2026-09-08 04:00:00,2026090804,5177612,에이알씨,10900.0,39.0,https://image.msscdn.net/thumbnails/images/goods_img/20230918/3569049/3569049_16950201145092_big.jpg?w=780
러닝 벨트,벨리 하이드레이션 힙색,무신사,6,0,https://www.musinsa.com/products/4492383,2026-09-08 04:00:00,2026090804,4492383,에이알씨,10900.0,39.0,https://image.msscdn.net/thumbnails/images/goods_img/20230918/3569049/3569049_16950201145092_big.jpg?w=780
러닝 벨트,벨리 하이드레이션 힙색,무신사,7,0,https://www.musinsa.com/products/2806573,2026-09-08 04:00:00,2026090804,2806573,에이알씨,10900.0,39.0,https://image.msscdn.net/thumbnails/images/goods_img/20230918/3569049/3569049_16950201145092_big.jpg?w=780
러닝 벨트,벨리 하이드레이션 힙색,무신사,8,0,https://www.musinsa.com/products/6410079,2026-09-08 04:00:00,2026090804,6410079,에이알씨,10900.0,39.0,https://image.msscdn.net/thumbnails/images/goods_img/20230918/3569049/3569049_16950201145092_big.jpg?w=780
카고 팬츠,트레이닝 라벨 카고핀턱 와이드 팬츠_블랙,무신사,1,0,https://www.musinsa.com/products/4766526,2026-09-08 04:00:00,2026090804,4766526,라이크더모스트,9900.0,79.0,https://image.msscdn.net/thumbnails/images/goods_img/20250207/4766526/4766526_17406155864477_big.jpg?w=780
카고 팬츠,트레이닝 라벨 카고핀턱 와이드 팬츠_블랙,무신사,2,0,https://www.musinsa.com/products/4488094,2026-09-08 04:00:00,2026090804,4488094,라이크더모스트,9900.0,79.0,https://image.msscdn.net/thumbnails/images/goods_img/20250207/4766526/4766526_17406155864477_big.jpg?w=780
카고 팬츠,트레이닝 라벨 카고핀턱 와이드 팬츠_블랙,무신사,3,0,https://www.musinsa.com/products/3443507,2026-09-08 04:00:00,2026090804,3443507,라이크더모스트,9900.0,79.0,https://image.msscdn.net/thumbnails/images/goods_img/20250207/4766526/4766526_17406155864477_big.jpg?w=780
카고 팬츠,트레이닝 라벨 카고핀턱 와이드 팬츠_블랙,무신사,4,0,https://www.musinsa.com/products/6432955,2026-09-08 04:00:00,2026090804,6432955,라이크더모스트,9900.0,79.0,https://image.msscdn.net/thumbnails/images/goods_img/20250207/4766526/4766526_17406155864477_big.jpg?w=780
카고 팬츠,트레이닝 라벨 카고핀턱 와이드 팬츠_블랙,무신사,5,0,https://www.musinsa.com/products/4481761,2026-09-08 04:00:00,2026090804,4481761,라이크더모스트,9900.0,79.0,https://image.msscdn.net/thumbnails/images/goods_img/20250207/4766526/4766526_17406155864477_big.jpg?w=780
카고 팬츠,트레이닝 라벨 카고핀턱 와이드 팬츠_블랙,무신사,6,0,https://www.musinsa.com/products/2818150,2026-09-08 04:00:00,2026090804,2818150,라이크더모스트,9900.0,79.0,https://image.msscdn.net/thumbnails/images/goods_img/20250207/4766526/4766526_17406155864477_big.jpg?w=780
카고 팬츠,트레이닝 라벨 카고핀턱 와이드 팬츠_블랙,무신사,7,0,https://www.musinsa.com/products/6197079,2026-09-08 04:00:00,2026090804,6197079,라이크더모스트,9900.0,79.0,https://image.msscdn.net/thumbnails/images/goods_img/20250207/4766526/4766526_17406155864477_big.jpg?w=780
카고 팬츠,트레이닝 라벨 카고핀턱 와이드 팬츠_블랙,무신사,8,0,https://www.musinsa.com/products/6539131,2026-09-08 04:00:00,2026090804,6539131,라이크더모스트,9900.0,79.0,https://image.msscdn.net/thumbnails/images/goods_img/20250207/4766526/4766526_17406155864477_big.jpg?w=780
